z,pT,z_pT,Q2,flavor,flavor_index,nrep,weighted_collins_mean,weighted_collins_std
0.3,0.0,0.0,4.0,fav,1,50,0.0,0.0
0.3,0.0,0.0,4.0,unf,3,50,0.0,0.0
0.3,0.005025125628140704,0.001507537688442211,4.0,fav,1,50,5.909886177457477e-06,5.303854352460549e-06
0.3,0.005025125628140704,0.001507537688442211,4.0,unf,3,50,-1.5437891899463472e-05,6.813657164356607e-06
0.3,0.010050251256281407,0.003015075376884422,4.0,fav,1,50,2.3637504649276236e-05,2.1212445006194752e-05
0.3,0.010050251256281407,0.003015075376884422,4.0,unf,3,50,-6.174341203840153e-05,2.724998912240506e-05
0.3,0.01507537688442211,0.004522613065326633,4.0,fav,1,50,5.3176736266805635e-05,4.77168567649829e-05
0.3,0.01507537688442211,0.004522613065326633,4.0,unf,3,50,-0.0001388920993250377,6.129508110840205e-05
0.3,0.020100502512562814,0.006030150753768844,4.0,fav,1,50,9.451738589160365e-05,8.480223768253086e-05
0.3,0.020100502512562814,0.006030150753768844,4.0,unf,3,50,-0.00024684320389013195,0.00010892575464001335
0.3,0.02512562814070352,0.007537688442211055,4.0,fav,1,50,0.00014764518755686334,0.0001324478091277324
0.3,0.02512562814070352,0.007537688442211055,4.0,unf,3,50,-0.00038553971499548573,0.00017010958669576624
0.3,0.03015075376884422,0.009045226130653266,4.0,fav,1,50,0.00021254181168833656,0.00019062687986435282
0.3,0.03015075376884422,0.009045226130653266,4.0,unf,3,50,-0.0005549084000717129,0.00024480493653669015
0.3,0.035175879396984924,0.010552763819095477,4.0,fav,1,50,0.0002891848743796887,0.0002593068641334635
0.3,0.035175879396984924,0.010552763819095477,4.0,unf,3,50,-0.000754859854851186,0.00033296098014539555
0.3,0.04020100502512563,0.012060301507537688,4.0,fav,1,50,0.00037754794871577526,0.00033844930372364346
0.3,0.04020100502512563,0.012060301507537688,4.0,unf,3,50,-0.0009852885645523905,0.00043451775224824155
0.3,0.04522613065326633,0.013567839195979899,4.0,fav,1,50,0.0004776005781359036,0.00042800989401066126
0.3,0.04522613065326633,0.013567839195979899,4.0,unf,3,50,-0.0012460729760622833,0.000549406195878709
0.3,0.05025125628140704,0.01507537688442211,4.0,fav,1,50,0.0005893082918277027,0.0005279385139450844
0.3,0.05025125628140704,0.01507537688442211,4.0,unf,3,50,-0.0015370755810536858,0.0006775482194325926
0.3,0.05527638190954774,0.016582914572864323,4.0,fav,1,50,0.0007126326221408262,0.0006381792599629731
0.3,0.05527638190954774,0.016582914572864323,4.0,unf,3,50,-0.0018581430099652285,0.0008188567611581768
0.3,0.06030150753768844,0.018090452261306532,4.0,fav,1,50,0.0008475311240082829,0.0007586704837916251
0.3,0.06030150753768844,0.018090452261306532,4.0,unf,3,50,-0.002209106136761948,0.0009732358610172055
0.3,0.06532663316582915,0.019597989949748745,4.0,fav,1,50,0.0009939573963618055,0.0008893448341190935
0.3,0.06532663316582915,0.019597989949748745,4.0,unf,3,50,-0.0025897801943852643,0.0011405807398451697
0.3,0.07035175879396985,0.021105527638190954,4.0,fav,1,50,0.0011518611055262803,0.001030129302093039
0.3,0.07035175879396985,0.021105527638190954,4.0,unf,3,50,-0.002999964900791873,0.0013207778857321929
0.3,0.07537688442211056,0.022613065326633167,4.0,fav,1,50,0.0013211880105768845,0.0011809452706113574
0.3,0.07537688442211056,0.022613065326633167,4.0,unf,3,50,-0.00343944459547191,0.0015137051475387039
0.3,0.08040201005025126,0.024120603015075376,4.0,fav,1,50,0.0015018799906412192,0.001341708567363877
0.3,0.08040201005025126,0.024120603015075376,4.0,unf,3,50,-0.0039079883863277235,0.0017192318354531165
0.3,0.08542713567839195,0.025628140703517585,4.0,fav,1,50,0.001693875074127404,0.00151232952158141
0.3,0.08542713567839195,0.025628140703517585,4.0,unf,3,50,-0.004405350306785747,0.0019372188284917373
0.3,0.09045226130653267,0.027135678391959798,4.0,fav,1,50,0.001897107469857731,0.0016927130244453856
0.3,0.09045226130653267,0.027135678391959798,4.0,unf,3,50,-0.0049312694830051405,0.0021675186888344194
0.3,0.09547738693467336,0.028643216080402007,4.0,fav,1,50,0.002111507600086225,0.001882758593108339
0.3,0.09547738693467336,0.028643216080402007,4.0,unf,3,50,-0.005485470311038294,0.002409975782882867
0.3,0.10050251256281408,0.03015075376884422,4.0,fav,1,50,0.002337002135377133,0.0020823604382726067
0.3,0.10050251256281408,0.03015075376884422,4.0,unf,3,50,-0.006067662643789871,0.0026644264089217334
0.3,0.10552763819095477,0.03165829145728643,4.0,fav,1,50,0.002573514031320092,0.0022914075352717185
0.3,0.10552763819095477,0.03165829145728643,4.0,unf,3,50,-0.0066775419876126205,0.002930698931256727
0.3,0.11055276381909548,0.033165829145728645,4.0,fav,1,50,0.0028209625670565347,0.002509783698596139
0.3,0.11055276381909548,0.033165829145728645,4.0,unf,3,50,-0.007314789708370308,0.0032086139206971903
0.3,0.11557788944723618,0.034673366834170855,4.0,fav,1,50,0.0030792633855905977,0.0027373676598022824
0.3,0.11557788944723618,0.034673366834170855,4.0,unf,3,50,-0.007979073246789908,0.0034979843012449287
0.3,0.12060301507537688,0.036180904522613064,4.0,fav,1,50,0.003348328535856643,0.0029740331487410235
0.3,0.12060301507537688,0.036180904522613064,4.0,unf,3,50,-0.00867004634291766,0.0037986155028450017
0.3,0.12562814070351758,0.03768844221105527,4.0,fav,1,50,0.0036280665165143423,0.003219648978039291
0.3,0.12562814070351758,0.03768844221105527,4.0,unf,3,50,-0.009387349269485857,0.004110305620048519
0.3,0.1306532663316583,0.03919597989949749,4.0,fav,1,50,0.0039183823214410775,0.0034740791307657634
0.3,0.1306532663316583,0.03919597989949749,4.0,unf,3,50,-0.010130609073990089,0.004432845576431754
0.3,0.135678391959799,0.0407035175879397,4.0,fav,1,50,0.004219177486890321,0.003737182851209197
0.3,0.135678391959799,0.0407035175879397,4.0,unf,3,50,-0.010899439829269171,0.004766019294610823
0.3,0.1407035175879397,0.04221105527638191,4.0,fav,1,50,0.004530350140283591,0.0040088147386955165
0.3,0.1407035175879397,0.04221105527638191,4.0,unf,3,50,-0.011693442892373585,0.0051096038716856775
0.3,0.1457286432160804,0.04371859296482412,4.0,fav,1,50,0.004851795050602458,0.004288824844367354
0.3,0.1457286432160804,0.04371859296482412,4.0,unf,3,50,-0.012512207171500948,0.005463369759942349
0.3,0.15075376884422112,0.04522613065326633,4.0,fav,1,50,0.005183403680346075,0.004577058770847604
0.3,0.15075376884422112,0.04522613065326633,4.0,unf,3,50,-0.013355309400771063,0.005827080952637561
0.3,0.15577889447236182,0.04673366834170854,4.0,fav,1,50,0.005525064239018689,0.004873357774706165
0.3,0.15577889447236182,0.04673366834170854,4.0,unf,3,50,-0.01422231442260658,0.0062004951746851755
0.3,0.16080402010050251,0.04824120603015075,4.0,fav,1,50,0.00587666173811067,0.005177558871647114
0.3,0.16080402010050251,0.04824120603015075,4.0,unf,3,50,-0.015112775477479405,0.006583364078059679
0.3,0.1658291457286432,0.04974874371859296,4.0,fav,1,50,0.0062380780475355495,0.005489494944331371
0.3,0.1658291457286432,0.04974874371859296,4.0,unf,3,50,-0.01602623450077729,0.006975433441727692
0.3,0.1708542713567839,0.05125628140703517,4.0,fav,1,50,0.006609191953484726,0.005808994852748045
0.3,0.1708542713567839,0.05125628140703517,4.0,unf,3,50,-0.016962222426539428,0.007376443375914456
0.3,0.17587939698492464,0.052763819095477386,4.0,fav,1,50,0.0069898792176606335,0.00613588354704573
0.3,0.17587939698492464,0.052763819095477386,4.0,unf,3,50,-0.01792025949780481,0.007786128530508732
0.3,0.18090452261306533,0.054271356783919596,4.0,fav,1,50,0.007380012637848289,0.006469982182733249
0.3,0.18090452261306533,0.054271356783919596,4.0,unf,3,50,-0.018899855583312017,0.008204218307405973
0.3,0.18592964824120603,0.055778894472361805,4.0,fav,1,50,0.0077794621097843,0.00681110823815773
0.3,0.18592964824120603,0.055778894472361805,4.0,unf,3,50,-0.019900510500284553,0.008630437076586256
0.3,0.19095477386934673,0.057286432160804014,4.0,fav,1,50,0.00818809469028175,0.007159075634166078
0.3,0.19095477386934673,0.057286432160804014,4.0,unf,3,50,-0.020921714343031188,0.009064504395720631
0.3,0.19597989949748745,0.05879396984924623,4.0,fav,1,50,0.008605774661568541,0.00751369485585468
0.3,0.19597989949748745,0.05879396984924623,4.0,unf,3,50,-0.021962947817086978,0.009506135233096772
0.3,0.20100502512562815,0.06030150753768844,4.0,fav,1,50,0.009032363596796067,0.007874773076310538
0.3,0.20100502512562815,0.06030150753768844,4.0,unf,3,50,-0.02302368257861644,0.009955040193651878
0.3,0.20603015075376885,0.06180904522613065,4.0,fav,1,50,0.009467720426674618,0.008242114282245734
0.3,0.20603015075376885,0.06180904522613065,4.0,unf,3,50,-0.02410338157879697,0.010410925747899218
0.3,0.21105527638190955,0.06331658291457286,4.0,fav,1,50,0.009911701507190993,0.008615519401425988
0.3,0.21105527638190955,0.06331658291457286,4.0,unf,3,50,-0.025201499412897427,0.01087349446353152
0.3,0.21608040201005024,0.06482412060301507,4.0,fav,1,50,0.010364160688363456,0.008994786431792877
0.3,0.21608040201005024,0.06482412060301507,4.0,unf,3,50,-0.026317482673763153,0.011342445239484616
0.3,0.22110552763819097,0.06633165829145729,4.0,fav,1,50,0.010824949383988513,0.009379710572178158
0.3,0.22110552763819097,0.06633165829145729,4.0,unf,3,50,-0.02745077030941726,0.011817473542239809
0.3,0.22613065326633167,0.0678391959798995,4.0,fav,1,50,0.011293916642333576,0.009770084354507852
0.3,0.22613065326633167,0.0678391959798995,4.0,unf,3,50,-0.0286007939844841,0.012298271644146192
0.3,0.23115577889447236,0.06934673366834171,4.0,fav,1,50,0.011770909217728897,0.010165697777392778
0.3,0.23115577889447236,0.06934673366834171,4.0,unf,3,50,-0.029766978445139744,0.012784528863540107
0.3,0.23618090452261306,0.07085427135678392,4.0,fav,1,50,0.012255771643012033,0.01056633844100145
0.3,0.23618090452261306,0.07085427135678392,4.0,unf,3,50,-0.03094874188729238,0.013275931806438596
0.3,0.24120603015075376,0.07236180904522613,4.0,fav,1,50,0.012748346302777422,0.010971791683110821
0.3,0.24120603015075376,0.07236180904522613,4.0,unf,3,50,-0.03214549632769331,0.01377216460958477
0.3,0.24623115577889448,0.07386934673366834,4.0,fav,1,50,0.013248473507383505,0.011381840716229408
0.3,0.24623115577889448,0.07386934673366834,4.0,unf,3,50,-0.03335664797767898,0.014272909184620477
0.3,0.25125628140703515,0.07537688442211055,4.0,fav,1,50,0.01375599156766938,0.01179626676568734
0.3,0.25125628140703515,0.07537688442211055,4.0,unf,3,50,-0.03458159761924262,0.014777845463163165
0.3,0.2562814070351759,0.07688442211055276,4.0,fav,1,50,0.014270736870332885,0.01221484920858709
0.3,0.2562814070351759,0.07688442211055276,4.0,unf,3,50,-0.03581974098313425,0.015286651642563235
0.3,0.2613065326633166,0.07839195979899498,4.0,fav,1,50,0.01479254395392138,0.012637365713508791
0.3,0.2613065326633166,0.07839195979899498,4.0,unf,3,50,-0.03707046912868664,0.015799004432119047
0.3,0.2663316582914573,0.07989949748743717,4.0,fav,1,50,0.015321245585387016,0.013063592380863367
0.3,0.2663316582914573,0.07989949748743717,4.0,unf,3,50,-0.03833316882506567,0.01631457929952655
0.3,0.271356783919598,0.0814070351758794,4.0,fav,1,50,0.015856672837157203,0.013493303883787399
0.3,0.271356783919598,0.0814070351758794,4.0,unf,3,50,-0.039607222933642876,0.01683305071734303
0.3,0.2763819095477387,0.08291457286432162,4.0,fav,1,50,0.016398655164671757,0.01392627360947277
0.3,0.2763819095477387,0.08291457286432162,4.0,unf,3,50,-0.040892010791189176,0.0173540924092435
0.3,0.2814070351758794,0.08442211055276382,4.0,fav,1,50,0.016947020484337553,0.014362273800825092
0.3,0.2814070351758794,0.08442211055276382,4.0,unf,3,50,-0.042186908593589194,0.01787737759585166
0.3,0.2864321608040201,0.08592964824120604,4.0,fav,1,50,0.017501595251851642,0.014801075698344717
0.3,0.2864321608040201,0.08592964824120604,4.0,unf,3,50,-0.043491289779776884,0.018402579239927688
0.3,0.2914572864321608,0.08743718592964823,4.0,fav,1,50,0.018062204540844003,0.015242449682124357
0.3,0.2914572864321608,0.08743718592964823,4.0,unf,3,50,-0.044804525415594744,0.0189293702906967
0.3,0.2964824120603015,0.08894472361809046,4.0,fav,1,50,0.018628672121790844,0.015686165413858196
0.3,0.2964824120603015,0.08894472361809046,4.0,unf,3,50,-0.04612598457727993,0.019457423927105536
0.3,0.30150753768844224,0.09045226130653267,4.0,fav,1,50,0.01920082054114943,0.016131991978757712
0.3,0.30150753768844224,0.09045226130653267,4.0,unf,3,50,-0.04745503473428318,0.019986413799796158
0.3,0.3065326633165829,0.09195979899497488,4.0,fav,1,50,0.019778471200666142,0.01657969802726952
0.3,0.3065326633165829,0.09195979899497488,4.0,unf,3,50,-0.04879104213112865,0.020516014271586554
0.3,0.31155778894472363,0.09346733668341708,4.0,fav,1,50,0.020361444436808672,0.017029051916492365
0.3,0.31155778894472363,0.09346733668341708,4.0,unf,3,50,-0.05013337216802473,0.021045900656253832
0.3,0.3165829145728643,0.0949748743718593,4.0,fav,1,50,0.020949559600274222,0.01747982185119003
0.3,0.3165829145728643,0.0949748743718593,4.0,unf,3,50,-0.051481389779938984,0.021575749455416567
0.3,0.32160804020100503,0.0964824120603015,4.0,fav,1,50,0.021542635135525682,0.017931776024298587
0.3,0.32160804020100503,0.0964824120603015,4.0,unf,3,50,-0.052834459813853936,0.02210523859331556
0.3,0.32663316582914576,0.09798994974874373,4.0,fav,1,50,0.022140488660307517,0.01838468275682714
0.3,0.32663316582914576,0.09798994974874373,4.0,unf,3,50,-0.054191947403922455,0.022634047649297787
0.3,0.3316582914572864,0.09949748743718592,4.0,fav,1,50,0.022742937045094277,0.018838310637052023
0.3,0.3316582914572864,0.09949748743718592,4.0,unf,3,50,-0.05555321834424589,0.023161858087810204
0.3,0.33668341708542715,0.10100502512562815,4.0,fav,1,50,0.023349796492424205,0.019292428658906347
0.3,0.33668341708542715,0.10100502512562815,4.0,unf,3,50,-0.05691763945900261,0.023688353485712556
0.3,0.3417085427135678,0.10251256281407034,4.0,fav,1,50,0.023960882616071145,0.01974680635946678
0.3,0.3417085427135678,0.10251256281407034,4.0,unf,3,50,-0.05828457896965587,0.024213219756727602
0.3,0.34673366834170855,0.10402010050251256,4.0,fav,1,50,0.02457601052000848,0.020201213955442207
0.3,0.34673366834170855,0.10402010050251256,4.0,unf,3,50,-0.05965340685897821,0.024736145372842584
0.3,0.35175879396984927,0.10552763819095477,4.0,fav,1,50,0.0251949948771191,0.020655422478568986
0.3,0.35175879396984927,0.10552763819095477,4.0,unf,3,50,-0.061023495231629934,0.025256821582489854
0.3,0.35678391959798994,0.10703517587939698,4.0,fav,1,50,0.02581765000760579,0.02110920390982015
0.3,0.35678391959798994,0.10703517587939698,4.0,unf,3,50,-0.06239421867103747,0.02577494262533016
0.3,0.36180904522613067,0.10854271356783919,4.0,fav,1,50,0.026443789957057328,0.021562331312336317
0.3,0.36180904522613067,0.10854271356783919,4.0,unf,3,50,-0.06376495459231933,0.02629020594347425
0.3,0.36683417085427134,0.1100502512562814,4.0,fav,1,50,0.027073228574125644,0.02201457896298907
0.3,0.36683417085427134,0.1100502512562814,4.0,unf,3,50,-0.065135083591015,0.026802312388976294
0.3,0.37185929648241206,0.11155778894472361,4.0,fav,1,50,0.027705779587770592,0.0224657224824875
0.3,0.37185929648241206,0.11155778894472361,4.0,unf,3,50,-0.06650398978737584,0.027310966427443177
0.3,0.3768844221105528,0.11306532663316583,4.0,fav,1,50,0.02834125668402858,0.02291553896394259
0.3,0.3768844221105528,0.11306532663316583,4.0,unf,3,50,-0.06787106116598282,0.02781587633760584
0.3,0.38190954773869346,0.11457286432160803,4.0,fav,1,50,0.02897947358226321,0.023363807099803572
0.3,0.38190954773869346,0.11457286432160803,4.0,unf,3,50,-0.06923568991046275,0.028316754406704104
0.3,0.3869346733668342,0.11608040201005025,4.0,fav,1,50,0.029620244110855513,0.02381030730708446
0.3,0.3869346733668342,0.11608040201005025,4.0,unf,3,50,-0.07059727273307834,0.02881331712154397
0.3,0.3919597989949749,0.11758793969849246,4.0,fav,1,50,0.03026338228229278,0.024254821850799295
0.3,0.3919597989949749,0.11758793969849246,4.0,unf,3,50,-0.07195521119897656,0.029305285355086252
0.3,0.3969849246231156,0.11909547738693467,4.0,fav,1,50,0.03090870236761563,0.024697134965527848
0.3,0.3969849246231156,0.11909547738693467,4.0,unf,3,50,-0.07330891204488225,0.029792384548441173
0.3,0.4020100502512563,0.12060301507537688,4.0,fav,1,50,0.031556018970183675,0.02513703297503481
0.3,0.4020100502512563,0.12060301507537688,4.0,unf,3,50,-0.0746577874920344,0.03027434488813566
0.3,0.40703517587939697,0.12211055276381909,4.0,fav,1,50,0.032205147098720584,0.0255743044098681
0.3,0.40703517587939697,0.12211055276381909,4.0,unf,3,50,-0.07600125555316534,0.030750901478537974
0.3,0.4120603015075377,0.1236180904522613,4.0,fav,1,50,0.032855902239600956,0.02600874012286412
0.3,0.4120603015075377,0.1236180904522613,4.0,unf,3,50,-0.07733874033333211,0.031221794509324247
0.3,0.4170854271356784,0.12512562814070352,4.0,fav,1,50,0.033508100428341306,0.026440133402489577
0.3,0.4170854271356784,0.12512562814070352,4.0,unf,3,50,-0.07866967232441549,0.03168676941787596
0.3,0.4221105527638191,0.12663316582914572,4.0,fav,1,50,0.03416155832025891,0.02686828008395298
0.3,0.4221105527638191,0.12663316582914572,4.0,unf,3,50,-0.07999348869310868,0.032145577046508604
0.3,0.4271356783919598,0.12814070351758794,4.0,fav,1,50,0.03481609326026339,0.02729297865801921
0.3,0.4271356783919598,0.12814070351758794,4.0,unf,3,50,-0.08130963356222491,0.03259797379443334
0.3,0.4321608040201005,0.12964824120603013,4.0,fav,1,50,0.03547152335174558,0.027714030377465778
0.3,0.4321608040201005,0.12964824120603013,4.0,unf,3,50,-0.08261755828516094,0.033043721764361225
0.3,0.4371859296482412,0.13115577889447236,4.0,fav,1,50,0.03612766752453103,0.02813123936111876
0.3,0.4371859296482412,0.13115577889447236,4.0,unf,3,50,-0.08391672171335936,0.03348258890366769
0.3,0.44221105527638194,0.13266331658291458,4.0,fav,1,50,0.03678434560186444,0.02854441269541168
0.3,0.44221105527638194,0.13266331658291458,4.0,unf,3,50,-0.08520659045662175,0.03391434914003516
0.3,0.4472361809045226,0.13417085427135678,4.0,fav,1,50,0.037441378366393954,0.028953360533411215
0.3,0.4472361809045226,0.13417085427135678,4.0,unf,3,50,-0.08648663913613064,0.034338782511506176
0.3,0.45226130653266333,0.135678391959799,4.0,fav,1,50,0.038098587625124136,0.029357896191256744
0.3,0.45226130653266333,0.135678391959799,4.0,unf,3,50,-0.08775635063004612,0.034755675290879
0.3,0.457286432160804,0.1371859296482412,4.0,fav,1,50,0.038755796273307795,0.0297578362419641
0.3,0.457286432160804,0.1371859296482412,4.0,unf,3,50,-0.08901521631155114,0.035164820104386874
0.3,0.4623115577889447,0.13869346733668342,4.0,fav,1,50,0.039412828357248214,0.03015300060654489
0.3,0.4623115577889447,0.13869346733668342,4.0,unf,3,50,-0.0902627362792263,0.03556601604460878
0.3,0.46733668341708545,0.14020100502512564,4.0,fav,1,50,0.0400695091359835,0.03054321264239707
0.3,0.46733668341708545,0.14020100502512564,4.0,unf,3,50,-0.09149841957964357,0.035959068777563066
0.3,0.4723618090452261,0.14170854271356784,4.0,fav,1,50,0.040725665141826566,0.030928299228924327
0.3,0.4723618090452261,0.14170854271356784,4.0,unf,3,50,-0.09272178442207418,0.036343790643946626
0.3,0.47738693467336685,0.14321608040201006,4.0,fav,1,50,0.0413811242397353,0.03130809085034389
0.3,0.47738693467336685,0.14321608040201006,4.0,unf,3,50,-0.09393235838521713,0.036720000754481584
0.3,0.4824120603015075,0.14472361809045226,4.0,fav,1,50,0.042035715685487564,0.03168242167564691
0.3,0.4824120603015075,0.14472361809045226,4.0,unf,3,50,-0.09512967861585782,0.03708752507934593
0.3,0.48743718592964824,0.14623115577889448,4.0,fav,1,50,0.04268927018263824,0.03205112963567597
0.3,0.48743718592964824,0.14623115577889448,4.0,unf,3,50,-0.09631329201937905,0.037446196531662326
0.3,0.49246231155778897,0.14773869346733667,4.0,fav,1,50,0.04334161993823532,0.0324140564972891
0.3,0.49246231155778897,0.14773869346733667,4.0,unf,3,50,-0.09748275544204993,0.03779585504503359
0.3,0.49748743718592964,0.1492462311557789,4.0,fav,1,50,0.04399259871727377,0.03277104793458107
0.3,0.49748743718592964,0.1492462311557789,4.0,unf,3,50,-0.0986376358450298,0.03813634764511246
0.3,0.5025125628140703,0.1507537688442211,4.0,fav,1,50,0.044642041895866916,0.03312195359713586
0.3,0.5025125628140703,0.1507537688442211,4.0,unf,3,50,-0.09977751047002888,0.03846752851520433
0.3,0.507537688442211,0.15226130653266332,4.0,fav,1,50,0.045289786513115944,0.033466627175287464
0.3,0.507537688442211,0.15226130653266332,4.0,unf,3,50,-0.10090196699657743,0.03878925905590648
0.3,0.5125628140703518,0.1537688442211055,4.0,fav,1,50,0.04593567132165972,0.03380492646236774
0.3,0.5125628140703518,0.1537688442211055,4.0,unf,3,50,-0.10201060369086186,0.03910140793878935
0.3,0.5175879396984925,0.15527638190954773,4.0,fav,1,50,0.04657953683688745,0.03413671341392458
0.3,0.5175879396984925,0.15527638190954773,4.0,unf,3,50,-0.10310302954609382,0.039403851154139385
0.3,0.5226130653266332,0.15678391959798996,4.0,fav,1,50,0.04722122538479882,0.034461854203894124
0.3,0.5226130653266332,0.15678391959798996,4.0,unf,3,50,-0.10417886441438602,0.0396964720527815
0.3,0.5276381909547738,0.15829145728643215,4.0,fav,1,50,0.047860581148496284,0.03478021927771591
0.3,0.5276381909547738,0.15829145728643215,4.0,unf,3,50,-0.10523773913011723,0.03997916138200679
0.3,0.5326633165829145,0.15979899497487435,4.0,fav,1,50,0.04849745021329627,0.035091683402380634
0.3,0.5326633165829145,0.15979899497487435,4.0,unf,3,50,-0.1062792956247739,0.04025181731564101
0.3,0.5376884422110553,0.16130653266331657,4.0,fav,1,50,0.049131680610446454,0.035396125713403837
0.3,0.5376884422110553,0.16130653266331657,4.0,unf,3,50,-0.10730318703326663,0.040514345478287236
0.3,0.542713567839196,0.1628140703517588,4.0,fav,1,50,0.049763122359437605,0.035693429758721994
0.3,0.542713567839196,0.1628140703517588,4.0,unf,3,50,-0.10830907779172405,0.0407666589637902
0.3,0.5477386934673367,0.16432160804020102,4.0,fav,1,50,0.05039162750890011,0.035983483539508386
0.3,0.5477386934673367,0.16432160804020102,4.0,unf,3,50,-0.1092966437267757,0.041008678347967065
0.3,0.5527638190954774,0.16582914572864324,4.0,fav,1,50,0.05101705017607509,0.03626617954791147
0.3,0.5527638190954774,0.16582914572864324,4.0,unf,3,50,-0.11026557213634272,0.041240331695661055
0.3,0.5577889447236181,0.1673366834170854,4.0,fav,1,50,0.05163924658485293,0.03654141480171825
0.3,0.5577889447236181,0.1673366834170854,4.0,unf,3,50,-0.11121556186196081,0.0414615545621763
0.3,0.5628140703517588,0.16884422110552763,4.0,fav,1,50,0.05225807510237134,0.0368090908759504
0.3,0.5628140703517588,0.16884422110552763,4.0,unf,3,50,-0.11214632335266961,0.04167228998915533
0.3,0.5678391959798995,0.17035175879396985,4.0,fav,1,50,0.052873396274167525,0.03706911393140142
0.3,0.5678391959798995,0.17035175879396985,4.0,unf,3,50,-0.11305757872050633,0.041872488494971306
0.3,0.5728643216080402,0.17185929648241208,4.0,fav,1,50,0.05348507285787917,0.037321394740126954
0.3,0.5728643216080402,0.17185929648241208,4.0,unf,3,50,-0.11394906178765034,0.04206210805970809
0.3,0.577889447236181,0.17336683417085427,4.0,fav,1,50,0.05409296985549088,0.03756584870790254
0.3,0.577889447236181,0.17336683417085427,4.0,unf,3,50,-0.11482051812527327,0.04224111410480065
0.3,0.5829145728643216,0.17487437185929647,4.0,fav,1,50,0.05469695454412278,0.03780239589366531
0.3,0.5829145728643216,0.17487437185929647,4.0,unf,3,50,-0.11567170508415116,0.04240947946742635
0.3,0.5879396984924623,0.1763819095477387,4.0,fav,1,50,0.05529689650536014,0.038030961025959584
0.3,0.5879396984924623,0.1763819095477387,4.0,unf,3,50,-0.11650239181710736,0.04256718436972767
0.3,0.592964824120603,0.17788944723618091,4.0,fav,1,50,0.055892667653122834,0.03825147351640706
0.3,0.592964824120603,0.17788944723618091,4.0,unf,3,50,-0.11731235929335679,0.04271421638295775
0.3,0.5979899497487438,0.1793969849246231,4.0,fav,1,50,0.05648414226007544,0.038463867470226516
0.3,0.5979899497487438,0.1793969849246231,4.0,unf,3,50,-0.11810140030483077,0.04285057038664504
0.3,0.6030150753768845,0.18090452261306533,4.0,fav,1,50,0.05707119698257911,0.03866808169382979
0.3,0.6030150753768845,0.18090452261306533,4.0,unf,3,50,-0.1188693194645661,0.042976248522874023
0.3,0.6080402010050251,0.18241206030150753,4.0,fav,1,50,0.057653710884187796,0.03886405969952141
0.3,0.6080402010050251,0.18241206030150753,4.0,unf,3,50,-0.1196159331972499,0.04309126014578176
0.3,0.6130653266331658,0.18391959798994975,4.0,fav,1,50,0.05823156545769208,0.03905174970733494
0.3,0.6130653266331658,0.18391959798994975,4.0,unf,3,50,-0.120341069722014,0.04319562176637981
0.3,0.6180904522613065,0.18542713567839195,4.0,fav,1,50,0.05880464464571498,0.039231104644037965
0.3,0.6180904522613065,0.18542713567839195,4.0,unf,3,50,-0.12104456902758351,0.0432893569928022
0.3,0.6231155778894473,0.18693467336683417,4.0,fav,1,50,0.05937283485986524,0.039402082139342064
0.3,0.6231155778894473,0.18693467336683417,4.0,unf,3,50,-0.12172628283988313,0.043372496466097865
0.3,0.628140703517588,0.1884422110552764,4.0,fav,1,50,0.05993602499845419,0.039564644519354764
0.3,0.628140703517588,0.1884422110552764,4.0,unf,3,50,-0.12238607458221568,0.04344507779167608
0.3,0.6331658291457286,0.1899497487437186,4.0,fav,1,50,0.06049410646278361,0.039718758797314145
0.3,0.6331658291457286,0.1899497487437186,4.0,unf,3,50,-0.12302381932812954,0.043507145466521166
0.3,0.6381909547738693,0.19145728643216078,4.0,fav,1,50,0.06104697317201238,0.03986439666164736
0.3,0.6381909547738693,0.19145728643216078,4.0,unf,3,50,-0.1236394037470957,0.04355875080229751
0.3,0.6432160804020101,0.192964824120603,4.0,fav,1,50,0.061594521576611355,0.04000153446139701
0.3,0.6432160804020101,0.192964824120603,4.0,unf,3,50,-0.12423272604312333,0.04359995184446098
0.3,0.6482412060301508,0.19447236180904523,4.0,fav,1,50,0.06213665067041602,0.04013015318906138
0.3,0.6482412060301508,0.19447236180904523,4.0,unf,3,50,-0.12480369588644286,0.04363081328750205
0.3,0.6532663316582915,0.19597989949748745,4.0,fav,1,50,0.06267326200128798,0.040250238460895746
0.3,0.6532663316582915,0.19597989949748745,4.0,unf,3,50,-0.12535223433839426,0.04365140638644125
0.3,0.6582914572864321,0.19748743718592962,4.0,fav,1,50,0.06320425968039649,0.04036178049472504
0.3,0.6582914572864321,0.19748743718592962,4.0,unf,3,50,-0.12587827376965843,0.04366180886470348
0.3,0.6633165829145728,0.19899497487437184,4.0,fav,1,50,0.063729550390133,0.04046477408531837
0.3,0.6633165829145728,0.19899497487437184,4.0,unf,3,50,-0.1263817577719768,0.0436621048184949
0.3,0.6683417085427136,0.20050251256281407,4.0,fav,1,50,0.06424904339067133,0.04055921857737864
0.3,0.6683417085427136,0.20050251256281407,4.0,unf,3,50,-0.12686264106350545,0.0436523846178108
0.3,0.6733668341708543,0.2020100502512563,4.0,fav,1,50,0.06476265052518766,0.04064511783620238
0.3,0.6733668341708543,0.2020100502512563,4.0,unf,3,50,-0.12732088938795566,0.043632744804198154
0.3,0.678391959798995,0.2035175879396985,4.0,fav,1,50,0.06527028622375577,0.04072248021606491
0.3,0.678391959798995,0.2035175879396985,4.0,unf,3,50,-0.1277564794076753,0.04360328798540244
0.3,0.6834170854271356,0.20502512562814068,4.0,fav,1,50,0.06577186750593149,0.04079131852639019
0.3,0.6834170854271356,0.20502512562814068,4.0,unf,3,50,-0.12816939859082788,0.043564122727023494
0.3,0.6884422110552764,0.2065326633165829,4.0,fav,1,50,0.06626731398204418,0.040851649995762726
0.3,0.6884422110552764,0.2065326633165829,4.0,unf,3,50,-0.12855964509283097,0.043515363441307374
0.3,0.6934673366834171,0.20804020100502513,4.0,fav,1,50,0.06675654785321111,0.040903496233843865
0.3,0.6934673366834171,0.20804020100502513,4.0,unf,3,50,-0.12892722763221678,0.04345713027319874
0.3,0.6984924623115578,0.20954773869346735,4.0,fav,1,50,0.06723949391009248,0.04094688319125336
0.3,0.6984924623115578,0.20954773869346735,4.0,unf,3,50,-0.12927216536108152,0.043389548983778496
0.3,0.7035175879396985,0.21105527638190955,4.0,fav,1,50,0.06771607953040547,0.04098184111747973
0.3,0.7035175879396985,0.21105527638190955,4.0,unf,3,50,-0.12959448773029145,0.04331275083121003
0.3,0.7085427135678392,0.21256281407035174,4.0,fav,1,50,0.06818623467521592,0.04100840451688434
0.3,0.7085427135678392,0.21256281407035174,4.0,unf,3,50,-0.12989423434961686,0.04322687244931415
0.3,0.7135678391959799,0.21407035175879396,4.0,fav,1,50,0.06864989188402738,0.041026612102863076
0.3,0.7135678391959799,0.21407035175879396,4.0,unf,3,50,-0.1301714548429672,0.043132055723890485
0.3,0.7185929648241206,0.2155778894472362,4.0,fav,1,50,0.06910698626868668,0.041036506750235235
0.3,0.7185929648241206,0.2155778894472362,4.0,unf,3,50,-0.1304262086989005,0.043028447666905105
0.3,0.7236180904522613,0.21708542713567838,4.0,fav,1,50,0.06955745550612763,0.04103813544592395
0.3,0.7236180904522613,0.21708542713567838,4.0,unf,3,50,-0.1306585651165858,0.04291620028865284
0.3,0.7286432160804021,0.2185929648241206,4.0,fav,1,50,0.07000123982997315,0.04103154923799876
0.3,0.7286432160804021,0.2185929648241206,4.0,unf,3,50,-0.13086860284739374,0.04279547046801001
0.3,0.7336683417085427,0.2201005025125628,4.0,fav,1,50,0.07043828202101737,0.04101680318314897
0.3,0.7336683417085427,0.2201005025125628,4.0,unf,3,50,-0.13105641003229626,0.04266641982087945
0.3,0.7386934673366834,0.22160804020100502,4.0,fav,1,50,0.07086852739661025,0.04099395629265855
0.3,0.7386934673366834,0.22160804020100502,4.0,unf,3,50,-0.13122208403525534,0.04252921456693079
0.3,0.7437185929648241,0.22311557788944722,4.0,fav,1,50,0.0712919237989665,0.04096307147695167
0.3,0.7437185929648241,0.22311557788944722,4.0,unf,3,50,-0.13136573127278062,0.04238402539473808
0.3,0.7487437185929648,0.22462311557788944,4.0,fav,1,50,0.07170842158242235,0.04092421548878268
0.3,0.7487437185929648,0.22462311557788944,4.0,unf,3,50,-0.13148746703983946,0.04223102732540033
0.3,0.7537688442211056,0.22613065326633167,4.0,fav,1,50,0.07211797359966271,0.04087745886514091
0.3,0.7537688442211056,0.22613065326633167,4.0,unf,3,50,-0.13158741533229987,0.042070399574740874
0.3,0.7587939698492463,0.2276381909547739,4.0,fav,1,50,0.07252053518694321,0.04082287586794246
0.3,0.7587939698492463,0.2276381909547739,4.0,unf,3,50,-0.1316657086660909,0.04190232541415788
0.3,0.7638190954773869,0.22914572864321606,4.0,fav,1,50,0.07291606414833014,0.040760544423583116
0.3,0.7638190954773869,0.22914572864321606,4.0,unf,3,50,-0.13172248789326127,0.041726992030210616
0.3,0.7688442211055276,0.23065326633165828,4.0,fav,1,50,0.07330452073898391,0.0406905460614242
0.3,0.7688442211055276,0.23065326633165828,4.0,unf,3,50,-0.13175790201512122,0.04154459038300199
0.3,0.7738693467336684,0.2321608040201005,4.0,fav,1,50,0.07368586764750916,0.04061296585128488
0.3,0.7738693467336684,0.2321608040201005,4.0,unf,3,50,-0.1317721079926481,0.04135531506342393
0.3,0.7788944723618091,0.23366834170854273,4.0,fav,1,50,0.07406006997739778,0.04052789234001385
0.3,0.7788944723618091,0.23366834170854273,4.0,unf,3,50,-0.13176527055433962,0.041159364149315675
0.3,0.7839195979899498,0.23517587939698492,4.0,fav,1,50,0.07442709522758907,0.040435417487215124
0.3,0.7839195979899498,0.23517587939698492,4.0,unf,3,50,-0.1317375620016956,0.04095693906058112
0.3,0.7889447236180904,0.23668341708542712,4.0,fav,1,50,0.07478691327217285,0.04033563660019859
0.3,0.7889447236180904,0.23668341708542712,4.0,unf,3,50,-0.13168916201250977,0.040748244413301604
0.3,0.7939698492462312,0.23819095477386934,4.0,fav,1,50,0.07513949633926113,0.040228648268230756
0.3,0.7939698492462312,0.23819095477386934,4.0,unf,3,50,-0.13162025744215144,0.040533487872871324
0.3,0.7989949748743719,0.23969849246231156,4.0,fav,1,50,0.0754848189890539,0.0401145542961559
0.3,0.7989949748743719,0.23969849246231156,4.0,unf,3,50,-0.13153104212301672,0.04031288000616893
0.3,0.8040201005025126,0.24120603015075376,4.0,fav,1,50,0.07582285809112499,0.03999345963746243
0.3,0.8040201005025126,0.24120603015075376,4.0,unf,3,50,-0.13142171666232685,0.04008663413277855
0.3,0.8090452261306533,0.24271356783919598,4.0,fav,1,50,0.07615359280095442,0.03986547232686303
0.3,0.8090452261306533,0.24271356783919598,4.0,unf,3,50,-0.131292488238451,0.039854966175248085
0.3,0.8140703517587939,0.24422110552763818,4.0,fav,1,50,0.07647700453573272,0.039730703412462244
0.3,0.8140703517587939,0.24422110552763818,4.0,unf,3,50,-0.13114357039592797,0.039618094508375806
0.3,0.8190954773869347,0.2457286432160804,4.0,fav,1,50,0.07679307694946423,0.0395892668875794
0.3,0.8190954773869347,0.2457286432160804,4.0,unf,3,50,-0.13097518283936171,0.03937623980749358
0.3,0.8241206030150754,0.2472361809045226,4.0,fav,1,50,0.07710179590739524,0.039441279622296994
0.3,0.8241206030150754,0.2472361809045226,4.0,unf,3,50,-0.13078755122636093,0.03912962489570944
0.3,0.8291457286432161,0.24874371859296482,4.0,fav,1,50,0.07740314945979322,0.03928686129480301
0.3,0.8291457286432161,0.24874371859296482,4.0,unf,3,50,-0.13058090695969463,0.03887847459005621
0.3,0.8341708542713568,0.25025125628140704,4.0,fav,1,50,0.07769712781510388,0.039126134322592224
0.3,0.8341708542713568,0.25025125628140704,4.0,unf,3,50,-0.13035548697883034,0.03862301554648009
0.3,0.8391959798994975,0.25175879396984924,4.0,fav,1,50,0.0779837233125123,0.03895922379359317
0.3,0.8391959798994975,0.25175879396984924,4.0,unf,3,50,-0.1301115335510213,0.03836347610359401
0.3,0.8442211055276382,0.25326633165829143,4.0,fav,1,50,0.07826293039393455,0.038786257397283745
0.3,0.8442211055276382,0.25326633165829143,4.0,unf,3,50,-0.1298492940621069,0.03810008612509709
0.3,0.8492462311557789,0.2547738693467337,4.0,fav,1,50,0.07853474557546536,0.03860736535585807
0.3,0.8492462311557789,0.2547738693467337,4.0,unf,3,50,-0.12956902080718602,0.03783307684076341
0.3,0.8542713567839196,0.2562814070351759,4.0,fav,1,50,0.07879916741830968,0.038422680355502566
0.3,0.8542713567839196,0.2562814070351759,4.0,unf,3,50,-0.12927097078132424,0.037562680685871444
0.3,0.8592964824120604,0.2577889447236181,4.0,fav,1,50,0.07905619649922252,0.038232337477840855
0.3,0.8592964824120604,0.2577889447236181,4.0,unf,3,50,-0.12895540547044892,0.03728913113894683
0.3,0.864321608040201,0.25929648241206027,4.0,fav,1,50,0.07930583538048407,0.03803647413160217
0.3,0.864321608040201,0.25929648241206027,4.0,unf,3,50,-0.12862259064258735,0.037012662557668156
0.3,0.8693467336683417,0.2608040201005025,4.0,fav,1,50,0.0795480885794361,0.03783522998456401
0.3,0.8693467336683417,0.2608040201005025,4.0,unf,3,50,-0.1282727961395973,0.036733510012778
0.3,0.8743718592964824,0.2623115577889447,4.0,fav,1,50,0.07978296253760493,0.037628746895820624
0.3,0.8743718592964824,0.2623115577889447,4.0,unf,3,50,-0.1279062956695386,0.03645190911982311
0.3,0.8793969849246231,0.2638190954773869,4.0,fav,1,50,0.08001046558943675,0.037417168848422666
0.3,0.8793969849246231,0.2638190954773869,4.0,unf,3,50,-0.1275233665998297,0.0361680958685416
0.3,0.8844221105527639,0.26532663316582916,4.0,fav,1,50,0.08023060793067088,0.0372006418824298
0.3,0.8844221105527639,0.26532663316582916,4.0,unf,3,50,-0.127124289751332,0.035882306449696984
0.3,0.8894472361809045,0.26683417085427136,4.0,fav,1,50,0.08044340158637604,0.036979314028416206
0.3,0.8894472361809045,0.26683417085427136,4.0,unf,3,50,-0.1267093491934991,0.03559477707915411
0.3,0.8944723618090452,0.26834170854271355,4.0,fav,1,50,0.08064886037867465,0.03675333524146301
0.3,0.8944723618090452,0.26834170854271355,4.0,unf,3,50,-0.12627883204072687,0.03530574381898142
0.3,0.8994974874371859,0.26984924623115575,4.0,fav,1,50,0.08084699989417998,0.03652285733566655
0.3,0.8994974874371859,0.26984924623115575,4.0,unf,3,50,-0.12583302825003673,0.03501544239535404
0.3,0.9045226130653267,0.271356783919598,4.0,fav,1,50,0.0810378374511707,0.036288033919188944
0.3,0.9045226130653267,0.271356783919598,4.0,unf,3,50,-0.12537223042021972,0.03472410801302927
0.3,0.9095477386934674,0.2728643216080402,4.0,fav,1,50,0.08122139206652695,0.03604902032986872
0.3,0.9095477386934674,0.2728643216080402,4.0,unf,3,50,-0.12489673359256682,0.03443197516616627
0.3,0.914572864321608,0.2743718592964824,4.0,fav,1,50,0.08139768442245238,0.03580597357140512
0.3,0.914572864321608,0.2743718592964824,4.0,unf,3,50,-0.12440683505330777,0.034139277445250214
0.3,0.9195979899497487,0.2758793969849246,4.0,fav,1,50,0.08156673683300486,0.03555905225012463
0.3,0.9195979899497487,0.2758793969849246,4.0,unf,3,50,-0.12390283413787519,0.03384624733989688
0.3,0.9246231155778895,0.27738693467336684,4.0,fav,1,50,0.08172857321046051,0.03530841651232683
0.3,0.9246231155778895,0.27738693467336684,4.0,unf,3,50,-0.1233850320371094,0.0335531160373108
0.3,0.9296482412060302,0.27889447236180903,4.0,fav,1,50,0.0818832190315333,0.03505422798220427
0.3,0.9296482412060302,0.27889447236180903,4.0,unf,3,50,-0.12285373160551455,0.03326011321618123
0.3,0.9346733668341709,0.2804020100502513,4.0,fav,1,50,0.08203070130347292,0.034796649700319975
0.3,0.9346733668341709,0.2804020100502513,4.0,unf,3,50,-0.12230923717167247,0.03296746683581681
0.3,0.9396984924623115,0.2819095477386934,4.0,fav,1,50,0.08217104853006378,0.0345358460626178
0.3,0.9396984924623115,0.2819095477386934,4.0,unf,3,50,-0.12175185435091881,0.032675402920335474
0.3,0.9447236180904522,0.2834170854271357,4.0,fav,1,50,0.08230429067754691,0.03427198275993139
0.3,0.9447236180904522,0.2834170854271357,4.0,unf,3,50,-0.12118188986037971,0.032384145337749366
0.3,0.949748743718593,0.28492462311557787,4.0,fav,1,50,0.08243045914048633,0.03400522671794786
0.3,0.949748743718593,0.28492462311557787,4.0,unf,3,50,-0.12059965133646569,0.03209391557381944
0.3,0.9547738693467337,0.2864321608040201,4.0,fav,1,50,0.08254958670760106,0.033735746037572976
0.3,0.9547738693467337,0.2864321608040201,4.0,unf,3,50,-0.12000544715491492,0.03180493250057976
0.3,0.9597989949748744,0.2879396984924623,4.0,fav,1,50,0.08266170752758441,0.0334637099356259
0.3,0.9597989949748744,0.2879396984924623,4.0,unf,3,50,-0.11939958625347298,0.03151741213948264
0.3,0.964824120603015,0.2894472361809045,4.0,fav,1,50,0.08276685707492978,0.03318928868578984
0.3,0.964824120603015,0.2894472361809045,4.0,unf,3,50,-0.11878237795729502,0.031231567419159077
0.3,0.9698492462311558,0.2909547738693467,4.0,fav,1,50,0.08286507211578421,0.03291265355972273
0.3,0.9698492462311558,0.2909547738693467,4.0,unf,3,50,-0.11815413180714936,0.030947607927845615
0.3,0.9748743718592965,0.29246231155778896,4.0,fav,1,50,0.0829563906738488,0.03263397676821917
0.3,0.9748743718592965,0.29246231155778896,4.0,unf,3,50,-0.1175151573905001,0.030665739660591065
0.3,0.9798994974874372,0.29396984924623115,4.0,fav,1,50,0.08304085199634496,0.03235343140230565
0.3,0.9798994974874372,0.29396984924623115,4.0,unf,3,50,-0.11686576417554137,0.030386164761426745
0.3,0.9849246231155779,0.29547738693467335,4.0,fav,1,50,0.08311849652006607,0.032071191374125285
0.3,0.9849246231155779,0.29547738693467335,4.0,unf,3,50,-0.11620626134825233,0.030109081260760864
0.3,0.9899497487437187,0.2969849246231156,4.0,fav,1,50,0.08318936583753217,0.031787431357459824
0.3,0.9899497487437187,0.2969849246231156,4.0,unf,3,50,-0.11553695765253719,0.029834682808347123
0.3,0.9949748743718593,0.2984924623115578,4.0,fav,1,50,0.08325350266326578,0.03150232672771279
0.3,0.9949748743718593,0.2984924623115578,4.0,unf,3,50,-0.1148581612335133,0.029563158402256873
0.3,1.0,0.3,4.0,fav,1,50,0.08331095080020677,0.031216053501160537
0.3,1.0,0.3,4.0,unf,3,50,-0.11417017948400289,0.029294692114403144
