P_perp,Pbar_perp,z,zbar,Q2,Cnn,mh,channel,flavor_index,nrep,coefficient_mean,coefficient_std,spin_correlation_mean,spin_correlation_std,D1_mean,D1_std,H1perp_mean,H1perp_std
0.0,0.0,0.3,0.3,4.0,-1.0,0.135,fav,1,50,0.0,0.0,0.0,0.0,3.6902596454745042,0.118449107400298,0.09478787481185476,0.08506933724264903
0.0,0.0,0.3,0.3,4.0,-1.0,0.135,unf,3,50,0.0,0.0,0.0,0.0,1.6362465495807337,0.037846142108060296,-0.2476100638059664,0.10928639471253682
0.001507537688442211,0.001507537688442211,0.3,0.3,4.0,-1.0,0.135,fav,1,50,4.032338384557856e-07,7.481040420237793e-07,-4.032338384557856e-07,7.481040420237793e-07,3.6901926373907914,0.11844482931707391,0.09478514801796491,0.08506536416577509
0.001507537688442211,0.001507537688442211,0.3,0.3,4.0,-1.0,0.135,unf,3,50,9.438489655359242e-06,6.194314445224766e-06,-9.438489655359242e-06,6.194314445224766e-06,1.6362211785978844,0.03784496672808245,-0.2475991626298145,0.10928019313310282
0.003015075376884422,0.003015075376884422,0.3,0.3,4.0,-1.0,0.135,fav,1,50,1.6127592704667042e-06,2.991954060837006e-06,-1.6127592704667042e-06,2.991954060837006e-06,3.6899916204474317,0.11843199576552603,0.09477696818861885,0.08505344601239472
0.003015075376884422,0.003015075376884422,0.3,0.3,4.0,-1.0,0.135,unf,3,50,3.774705115754061e-05,2.4771777056582315e-05,-3.774705115754061e-05,2.4771777056582315e-05,1.6361450680109302,0.03784144075262919,-0.24756646208843996,0.1092615904476816
0.004522613065326633,0.004522613065326633,0.3,0.3,4.0,-1.0,0.135,fav,1,50,3.6280481717888653e-06,6.7301640980300785e-06,-3.6280481717888653e-06,6.7301640980300785e-06,3.6896566165664297,0.11841060884008667,0.09476333698057962,0.08503358601375406
0.004522613065326633,0.004522613065326633,0.3,0.3,4.0,-1.0,0.135,unf,3,50,8.490496874024492e-05,5.571595185609708e-05,-8.490496874024492e-05,5.571595185609708e-05,1.6360182249042905,0.03783556467482516,-0.24751197114168683,0.10923059281382236
0.006030150753768844,0.006030150753768844,0.3,0.3,4.0,-1.0,0.135,fav,1,50,6.448220754651608e-06,1.1960425433775164e-05,-6.448220754651608e-06,1.1960425433775164e-05,3.6891876622800224,0.11838067203096769,0.09474425715442657,0.0850057895536683
0.006030150753768844,0.006030150753768844,0.3,0.3,4.0,-1.0,0.135,unf,3,50,0.00015087773820279625,9.899946618842715e-05,-0.00015087773820279625,9.899946618842715e-05,1.635840661084107,0.037827339316523226,-0.24743570471796936,0.10918721049044809
0.007537688442211055,0.007537688442211055,0.3,0.3,4.0,-1.0,0.135,fav,1,50,1.0072046196306667e-05,1.8679508401845774e-05,-1.0072046196306667e-05,1.8679508401845774e-05,3.6885848087240394,0.11834219022320042,0.0947197325735174,0.08497006416613075
0.007537688442211055,0.007537688442211055,0.3,0.3,4.0,-1.0,0.135,unf,3,50,0.00023561709999638777,0.00015458404165259065,-0.00023561709999638777,0.00015458404165259065,1.635612393076416,0.03781676582800182,-0.24733768370728693,0.10913145783237248
0.009045226130653266,0.009045226130653266,0.3,0.3,4.0,-1.0,0.135,fav,1,50,1.4497943518188472e-05,2.688326492812024e-05,-1.4497943518188472e-05,2.688326492812024e-05,3.6878481216285994,0.11829516969546537,0.09468976820253547,0.08492641953196764
0.009045226130653266,0.009045226130653266,0.3,0.3,4.0,-1.0,0.135,unf,3,50,0.0003390610854878909,0.0002224205373460389,-0.0003390610854878909,0.0002224205373460389,1.6353334421245755,0.03780384568796203,-0.24721793495144895,0.10906335328263148
0.010552763819095477,0.010552763819095477,0.3,0.3,4.0,-1.0,0.135,fav,1,50,1.9723982714877976e-05,3.656663179004905e-05,-1.9723982714877976e-05,3.656663179004905e-05,3.686977681306154,0.11823961811858774,0.09465437010562396,0.08487486747453997
0.010552763819095477,0.010552763819095477,0.3,0.3,4.0,-1.0,0.135,unf,3,50,0.00046113407634439997,0.00030244900536085053,-0.00046113407634439997,0.00030244900536085053,1.6350038341859787,0.037788580702854804,-0.24707649123152126,0.10898291936262866
0.012060301507537688,0.012060301507537688,0.3,0.3,4.0,-1.0,0.135,fav,1,50,2.5747886131833468e-05,4.77236345938512e-05,-2.5747886131833468e-05,4.77236345938512e-05,3.6859735826368736,0.11817554455391067,0.09461354544410686,0.08481542195449679
0.012060301507537688,0.012060301507537688,0.3,0.3,4.0,-1.0,0.135,unf,3,50,0.0006017468769655896,0.00039459875845479286,-0.0006017468769655896,0.00039459875845479286,1.6346235999280174,0.037770973006835,-0.24691339125249823,0.10889018266010866
0.013567839195979899,0.013567839195979899,0.3,0.3,4.0,-1.0,0.135,fav,1,50,3.256703009062384e-05,6.034739246549368e-05,-3.256703009062384e-05,6.034739246549368e-05,3.684835935051405,0.11810295945063065,0.09456730247379957,0.08474809906358102
0.013567839195979899,0.013567839195979899,0.3,0.3,4.0,-1.0,0.135,unf,3,50,0.0007607967998749882,0.0004987884498030867,-0.0007607967998749882,0.0004987884498030867,1.6341927747233291,0.037751025061143174,-0.2467286796252123,0.10878517381496407
0.01507537688442211,0.01507537688442211,0.3,0.3,4.0,-1.0,0.135,fav,1,50,4.017844676017305e-05,7.443012345080289e-05,-4.017844676017305e-05,7.443012345080289e-05,3.6835648625109654,0.1180218746436714,0.09451565054190882,0.08467291701749415
0.01507537688442211,0.01507537688442211,0.3,0.3,4.0,-1.0,0.135,unf,3,50,0.0009381677639654193,0.000614926164719976,-0.0009381677639654193,0.000614926164719976,1.6337113986443064,0.03772873965371251,-0.2465224068454933,0.10866792750288812
0.016582914572864323,0.016582914572864323,0.3,0.3,4.0,-1.0,0.135,fav,1,50,4.8578826272300135e-05,8.996315061935598e-05,-4.8578826272300135e-05,8.996315061935598e-05,3.682160503484811,0.11793230335067534,0.0944586000835251,0.08458989614782192
0.016582914572864323,0.016582914572864323,0.3,0.3,4.0,-1.0,0.135,unf,3,50,0.0011337304054781815,0.0007429095242226324,-0.0011337304054781815,0.0007429095242226324,1.6331795164568863,0.037704119898370164,-0.24629462927058993,0.10853848241688517
0.018090452261306532,0.018090452261306532,0.3,0.3,4.0,-1.0,0.135,fav,1,50,5.776451907961562e-05,0.00010693690886610639,-5.776451907961562e-05,0.00010693690886610639,3.6806230109250704,0.11783426016885265,0.09439616261770878,0.08449905889302795
0.018090452261306532,0.018090452261306532,0.3,0.3,4.0,-1.0,0.135,unf,3,50,0.0013473422015800292,0.0008826258002935832,-0.0013473422015800292,0.0008826258002935832,1.6325971776136021,0.037677169234531356,-0.24604540909287148,0.10839688124665063
0.01959798994974874,0.01959798994974874,0.3,0.3,4.0,-1.0,0.135,fav,1,50,6.773153855361562e-05,0.0001253409524040128,-6.773153855361562e-05,0.0001253409524040128,3.678952552238958,0.11772776107117207,0.09432835074317256,0.08440042978851982
0.01959798994974874,0.01959798994974874,0.3,0.3,4.0,-1.0,0.135,unf,3,50,0.0015788476063867158,0.0010339520426817673,-0.0015788476063867158,0.0010339520426817673,1.631964436245921,0.037647891426160124,-0.24577481431082585,0.10824317065583743
0.021105527638190954,0.021105527638190954,0.3,0.3,4.0,-1.0,0.135,fav,1,50,7.847556382059496e-05,0.00014516396294026048,-7.847556382059496e-05,0.00014516396294026048,3.677149309258356,0.11761282340291229,0.09425517813356236,0.0842940354557935
0.021105527638190954,0.021105527638190954,0.3,0.3,4.0,-1.0,0.135,unf,3,50,0.001828078199266788,0.0011967552170664391,-0.001828078199266788,0.0011967552170664391,1.6312813511558502,0.03761629056121288,-0.24548291869737188,0.10807740125722766
0.022613065326633167,0.022613065326633167,0.3,0.3,4.0,-1.0,0.135,fav,1,50,8.999194283278725e-05,0.0001663937585279969,-8.999194283278725e-05,0.0001663937585279969,3.675213478206796,0.1174894658772796,0.09417665953233934,0.08417990459066468
0.022613065326633167,0.022613065326633167,0.3,0.3,4.0,-1.0,0.135,unf,3,50,0.0020948528452445036,0.00137089235439265,-0.0020948528452445036,0.00137089235439265,1.630547985806827,0.037582371050667314,-0.2451698017655096,0.10789962758582451
0.024120603015075376,0.024120603015075376,0.3,0.3,4.0,-1.0,0.135,fav,1,50,0.00010227569567192541,0.00018901730308484431,-0.00010227569567192541,0.00018901730308484431,3.673145269663844,0.11735770857072261,0.09409281074726597,0.08405806795059234
0.024120603015075376,0.024120603015075376,0.3,0.3,4.0,-1.0,0.135,unf,3,50,0.002378977867306181,0.0015562107111717824,-0.002378977867306181,0.0015562107111717824,1.6297644083138847,0.037546137627693696,-0.24483554873133012,0.10770990806988447
0.025628140703517585,0.025628140703517585,0.3,0.3,4.0,-1.0,0.135,fav,1,50,0.00011532151808220836,0.0002130207165688021,-0.00011532151808220836,0.0002130207165688021,3.670944908526872,0.1172175729183443,0.09400364864449945,0.08392855834110342
0.025628140703517585,0.025628140703517585,0.3,0.3,4.0,-1.0,0.135,unf,3,50,0.002680247230400055,0.0017525479405257457,-0.002680247230400055,0.0017525479405257457,1.628930691433104,0.037507595346599885,-0.2444802504744085,0.1075083049999173
0.027135678391959798,0.027135678391959798,0.3,0.3,4.0,-1.0,0.135,fav,1,50,0.00012912378522945194,0.00023838928580151614,-0.00012912378522945194,0.00023838928580151614,3.66861263397027,0.11706908170865334,0.09390919114229503,0.08379141060132712
0.027135678391959798,0.027135678391959798,0.3,0.3,4.0,-1.0,0.135,unf,3,50,0.002998442736905746,0.001959732273738918,-0.002998442736905746,0.001959732273738918,1.6280469125503472,0.03746674958183048,-0.24410400349560818,0.10729488449566507
0.02864321608040201,0.02864321608040201,0.3,0.3,4.0,-1.0,0.135,fav,1,50,0.00014367655568300097,0.0002651074759282671,-0.00014367655568300097,0.0002651074759282671,3.666148699402068,0.11691225907780009,0.09380945720432393,0.08364666158864743
0.02864321608040201,0.02864321608040201,0.3,0.3,4.0,-1.0,0.135,unf,3,50,0.0033333342333358583,0.0021775827120678244,-0.0033333342333358583,0.0021775827120678244,1.627113153669282,0.0374236060268098,-0.24370690987232174,0.1070697164711012
0.03015075376884422,0.03015075376884422,0.3,0.3,4.0,-1.0,0.135,fav,1,50,0.00015897357561678205,0.0002931589425034173,-0.00015897357561678205,0.0002931589425034173,3.6635533724179994,0.1167471305042489,0.09370446683260823,0.08349435016248385
0.03015075376884422,0.03015075376884422,0.3,0.3,4.0,-1.0,0.135,unf,3,50,0.0036846798280189895,0.002405909228544802,-0.0036846798280189895,0.002405909228544802,1.6261295013986896,0.0373781706928919,-0.2432890772111816,0.10683287459745626
0.03165829145728643,0.03165829145728643,0.3,0.3,4.0,-1.0,0.135,fav,1,50,0.00017500828322567782,0.00032252654418945924,-0.00017500828322567782,0.00032252654418945924,3.660826934753026,0.1165737228019602,0.09359424106007781,0.08333451716721006
0.03165829145728643,0.03165829145728643,0.3,0.3,4.0,-1.0,0.135,unf,3,50,0.0040522261195005,0.0026445129794987043,-0.0040522261195005,0.0026445129794987043,1.6250960469390738,0.0373304499079633,-0.24285061859826798,0.10658443626431438
0.033165829145728645,0.033165829145728645,0.3,0.3,4.0,-1.0,0.135,fav,1,50,0.00019177381335322018,0.0003531923560572233,-0.00019177381335322018,0.0003531923560572233,3.6579696822303016,0.11639206411471137,0.09347880194275283,0.08316720541422075
0.033165829145728645,0.033165829145728645,0.3,0.3,4.0,-1.0,0.135,unf,3,50,0.004435708435384981,0.002893186525502811,-0.004435708435384981,0.002893186525502811,1.624012886068559,0.03728045031516854,-0.2423916525468489,0.10632448253880046
0.034673366834170855,0.034673366834170855,0.3,0.3,4.0,-1.0,0.135,fav,1,50,0.00020926300232640687,0.00038513768347423253,-0.00020926300232640687,0.00038513768347423253,3.654981924707635,0.11620218390862842,0.0933581725515561,0.08299245966315924
0.034673366834170855,0.034673366834170855,0.3,0.3,4.0,-1.0,0.135,unf,3,50,0.004834851081332226,0.003151714061447798,-0.004834851081332226,0.003151714061447798,1.6228801191280857,0.03722817887166049,-0.24191230294268723,0.10605309812288849
0.036180904522613064,0.036180904522613064,0.3,0.3,4.0,-1.0,0.135,fav,1,50,0.0002274683929932722,0.0004183430765676458,-0.0002274683929932722,0.0004183430765676458,3.651863986021429,0.11600411296543713,0.09323237696376023,0.08281032660231559
0.036180904522613064,0.036180904522613064,0.3,0.3,4.0,-1.0,0.135,unf,3,50,0.00524936759990691,0.0034198716554258955,-0.00524936759990691,0.0034198716554258955,1.6216978510059135,0.0371736428470558,-0.24141269898694845,0.10577037130886607
0.03768844221105527,0.03768844221105527,0.3,0.3,4.0,-1.0,0.135,fav,1,50,0.00024638223995866135,0.00045278834524768377,-0.00024638223995866135,0.00045278834524768377,3.6486162039281216,0.11579788337488545,0.09310144025407396,0.08262085482820843
0.03768844221105527,0.03768844221105527,0.3,0.3,4.0,-1.0,0.135,unf,3,50,0.005678961038970921,0.003697427496100891,-0.005678961038970921,0.003697427496100891,1.6204661911214273,0.03711684982183954,-0.24089297513674945,0.10547639393298275
0.03919597989949748,0.03919597989949748,0.3,0.3,4.0,-1.0,0.135,fav,1,50,0.0002659965150134881,0.0004884525747769213,-0.0002659965150134881,0.0004884525747769213,3.645238930043145,0.1155835285272034,0.09296538848537308,0.08242409482436279
0.03919597989949748,0.03919597989949748,0.3,0.3,4.0,-1.0,0.135,unf,3,50,0.006123324229296642,0.003984142148227906,-0.006123324229296642,0.003984142148227906,1.6191852534082452,0.03705780768612212,-0.2403532710433846,0.1051712613273238
0.0407035175879397,0.0407035175879397,0.3,0.3,4.0,-1.0,0.135,fav,1,50,0.0002863029127525941,0.0005253141418703255,-0.0002863029127525941,0.0005253141418703255,3.6417325297774257,0.11536108310489177,0.09282424869907974,0.08222009893929752
0.0407035175879397,0.0407035175879397,0.3,0.3,4.0,-1.0,0.135,unf,3,50,0.006582140071069074,0.0042797688159768145,-0.006582140071069074,0.0042797688159768145,1.6178551562966497,0.03699652463767376,-0.23979373148827135,0.10485507226993519
0.04221105527638191,0.04221105527638191,0.3,0.3,4.0,-1.0,0.135,fav,1,50,0.00030729285637615957,0.0005633507313104322,-0.00030729285637615957,0.0005633507313104322,3.6380973822714164,0.11513058307460021,0.09267804890519776,0.08200892136373451
0.04221105527638191,0.04221105527638191,0.3,0.3,4.0,-1.0,0.135,unf,3,50,0.007055081828935099,0.004584053613703138,-0.007055081828935099,0.004584053613703138,1.6164760226953276,0.03693300918036631,-0.23921450631665686,0.10452792893324347
0.04371859296482412,0.04371859296482412,0.3,0.3,4.0,-1.0,0.135,fav,1,50,0.0003289575036694723,0.0006025393530615908,-0.0003289575036694723,0.0006025393530615908,3.6343338803267238,0.11489206567804244,0.09252681807200679,0.08179061810704594
0.04371859296482412,0.04371859296482412,0.3,0.3,4.0,-1.0,0.135,unf,3,50,0.007541813435248689,0.004896735843801618,-0.007541813435248689,0.004896735843801618,1.6150479799724275,0.03686727012254681,-0.238615750369128,0.10418993683080639
0.04522613065326633,0.04522613065326633,0.3,0.3,4.0,-1.0,0.135,fav,1,50,0.00035128775315570006,0.000642856359866764,-0.00035128775315570006,0.000642856359866764,3.6304424303352785,0.11464556942370502,0.09237058611542319,0.08156524697295116
0.04522613065326633,0.04522613065326633,0.3,0.3,4.0,-1.0,0.135,unf,3,50,0.008041989801152293,0.005217548281268779,-0.008041989801152293,0.005217548281268779,1.6135711599359523,0.036799316575029654,-0.23799762341097075,0.10384120476242997
0.04673366834170854,0.04673366834170854,0.3,0.3,4.0,-1.0,0.135,fav,1,50,0.0003742742504161782,0.000684277465309936,-0.0003742742504161782,0.000684277465309936,3.6264234522061445,0.11439113407703613,0.09220938388803174,0.081332867534481
0.04673366834170854,0.04673366834170854,0.3,0.3,4.0,-1.0,0.135,unf,3,50,0.008555257135126271,0.005546217464593146,-0.008555257135126271,0.005546217464593146,1.6120456988134684,0.036729157949266004,-0.237360290059423,0.10348184475769658
0.04824120603015075,0.04824120603015075,0.3,0.3,4.0,-1.0,0.135,fav,1,50,0.0003979073945725878,0.0007267777623267874,-0.0003979073945725878,0.0007267777623267874,3.6222773792899234,0.1141288006511639,0.09204324316779582,0.08109354110822203
0.04824120603015075,0.04824120603015075,0.3,0.3,4.0,-1.0,0.135,unf,3,50,0.009081253268630603,0.00588246399258449,-0.009081253268630603,0.00588246399258449,1.6104717372311514,0.03665680395554221,-0.23670391970887028,0.10311197201794202
0.04974874371859296,0.04974874371859296,0.3,0.3,4.0,-1.0,0.135,fav,1,50,0.00042217734492525755,0.0007703317421458935,-0.00042217734492525755,0.0007703317421458935,3.6180046583008036,0.11385861139719512,0.09187219664645035,0.08084733072785946
0.04974874371859296,0.04974874371859296,0.3,0.3,4.0,-1.0,0.135,unf,3,50,0.009619607988455929,0.006226002826746589,-0.009619607988455929,0.006226002826746589,1.6088494201921717,0.03658226460086289,-0.2360286864540303,0.10273170485672427
0.05125628140703517,0.05125628140703517,0.3,0.3,4.0,-1.0,0.135,fav,1,50,0.00044707402774171766,0.0008149133136423622,-0.00044707402774171766,0.0008149133136423622,3.613605749236281,0.11358060979367464,0.09169627791758582,0.08059430111703157
0.05125628140703517,0.05125628140703517,0.3,0.3,4.0,-1.0,0.135,unf,3,50,0.010169943375394319,0.006576543598792459,-0.010169943375394319,0.006576543598792459,1.6071788970544194,0.03650555018690424,-0.2353347690111783,0.10234116463882643
0.052763819095477386,0.052763819095477386,0.3,0.3,4.0,-1.0,0.135,fav,1,50,0.00047258714318949504,0.0008604958230854566,-0.00047258714318949504,0.0008604958230854566,3.6090811252945283,0.11329484053675193,0.09151552146442808,0.0803345186615151
0.052763819095477386,0.052763819095477386,0.3,0.3,4.0,-1.0,0.135,unf,3,50,0.010731874148834239,0.006933790922895028,-0.010731874148834239,0.006933790922895028,1.6054603215075736,0.03642667130799045,-0.23462235063746129,0.10194047571784014
0.054271356783919596,0.054271356783919596,0.3,0.3,4.0,-1.0,0.135,fav,1,50,0.0004987061724070457,0.0009070520742614535,-0.0004987061724070457,0.0009070520742614535,3.604431272789496,0.1130013495290628,0.0913299626473219,0.08006805138075614
0.054271356783919596,0.054271356783919596,0.3,0.3,4.0,-1.0,0.135,unf,3,50,0.011305008016878577,0.007297444712262067,-0.011305008016878577,0.007297444712262067,1.6036938515495291,0.03634563884880713,-0.233891619048356,0.10152976537237025
0.055778894472361805,0.055778894472361805,0.3,0.3,4.0,-1.0,0.135,fav,1,50,0.0005254203847066072,0.0009545543489526677,-0.0005254203847066072,0.0009545543489526677,3.5996566910637076,0.11270018386910759,0.09113963769092409,0.07979496889876564
0.055778894472361805,0.055778894472361805,0.3,0.3,4.0,-1.0,0.135,unf,3,50,0.011888946031579776,0.007667200499619731,-0.011888946031579776,0.007667200499619731,1.6018796494621736,0.036262463982264403,-0.23314276633332084,0.10110916374091065
0.05728643216080402,0.05728643216080402,0.3,0.3,4.0,-1.0,0.135,fav,1,50,0.0005527188449026551,0.0010029744277533132,-0.0005527188449026551,0.0010029744277533132,3.594757892398821,0.11239139183959278,0.09094458367111379,0.07951534241439569
0.05728643216080402,0.05728643216080402,0.3,0.3,4.0,-1.0,0.135,unf,3,50,0.012483282948881767,0.008042749761185769,-0.012483282948881767,0.008042749761185769,1.600017881786531,0.03617715816715042,-0.23237598886969754,0.10067880375543457
0.05879396984924623,0.05879396984924623,0.3,0.3,4.0,-1.0,0.135,fav,1,50,0.0005805904207595594,0.0010522836112026022,-0.0005805904207595594,0.0010522836112026022,3.5897354019239383,0.11207502289626729,0.09074483850162667,0.07922924467101511
0.05879396984924623,0.05879396984924623,0.3,0.3,4.0,-1.0,0.135,unf,3,50,0.013087607592854602,0.008423780243710804,-0.013087607592854602,0.008423780243710804,1.598108719297266,0.03608973314590411,-0.2315914872349158,0.100238821073751
0.06030150753768844,0.06030150753768844,0.3,0.3,4.0,-1.0,0.135,fav,1,50,0.0006090237905519597,0.0011024527412152672,-0.0006090237905519597,0.0011024527412152672,3.5845897575216976,0.11175112765622017,0.09054044092041998,0.07893674992560276
0.06030150753768844,0.06030150753768844,0.3,0.3,4.0,-1.0,0.135,unf,3,50,0.013701503223804623,0.008809976294163876,-0.013701503223804623,0.008809976294163876,1.5961523369765727,0.03600020094199759,-0.23078946611705922,0.09978935401066695
0.06180904522613065,0.06180904522613065,0.3,0.3,4.0,-1.0,0.135,fav,1,50,0.0006380074507312821,0.0011534522227894723,-0.0006380074507312821,0.0011534522227894723,3.5793215097322015,0.11141975788545824,0.09033143047577653,0.07863793391727623
0.06180904522613065,0.06180904522613065,0.3,0.3,4.0,-1.0,0.135,unf,3,50,0.014324547909840384,0.009201019191636772,-0.014324547909840384,0.009201019191636772,1.594148913987426,0.035908573857694255,-0.22997013422384616,0.09933054346801604
0.06331658291457286,0.06331658291457286,0.3,0.3,4.0,-1.0,0.135,fav,1,50,0.0006675297236917733,0.001205252045971897,-0.0006675297236917733,0.001205252045971897,3.5739312216547523,0.11108096648708082,0.09011784751215401,0.07833287383527633
0.06331658291457286,0.06331658291457286,0.3,0.3,4.0,-1.0,0.135,unf,3,50,0.014956314901472456,0.00959658748104152,-0.014956314901472456,0.00959658748104152,1.5920986336462297,0.03581486447147624,-0.22913370419008566,0.09886253286359206
0.06482412060301507,0.06482412060301507,0.3,0.3,4.0,-1.0,0.135,fav,1,50,0.0006975787656293525,0.001257821808059622,-0.0006975787656293525,0.001257821808059622,3.568419468847474,0.11073480748830364,0.08989973315578795,0.07802164828642454
0.06482412060301507,0.06482412060301507,0.3,0.3,4.0,-1.0,0.135,unf,3,50,0.015596373008824025,0.009996357308174527,-0.015596373008824025,0.009996357308174527,1.5900016833948458,0.03571908563550805,-0.22828039248366486,0.09838546805904612
0.06633165829145729,0.06633165829145729,0.3,0.3,4.0,-1.0,0.135,fav,1,50,0.0007281425744865208,0.00131113073601829,-0.0007281425744865208,0.00131113073601829,3.5627868392247923,0.11038133602801653,0.08967712930005596,0.07770433726207379
0.06633165829145729,0.06633165829145729,0.3,0.3,4.0,-1.0,0.135,unf,3,50,0.01624428698102824,0.010400002755721957,-0.01624428698102824,0.010400002755721957,1.587858254772029,0.03562125047284369,-0.2274104193101289,0.09789949728679025
0.0678391959798995,0.0678391959798995,0.3,0.3,4.0,-1.0,0.135,fav,1,50,0.0007592089979765368,0.0013651477090959284,-0.0007592089979765368,0.0013651477090959284,3.557033932952856,0.11002060834322695,0.08945007859061035,0.0773810221045731
0.0678391959798995,0.0678391959798995,0.3,0.3,4.0,-1.0,0.135,unf,3,50,0.016899617887388134,0.010807196179781531,-0.016899617887388134,0.010807196179781531,1.5856685433842495,0.035521372375078554,-0.2265240085159109,0.09740477107596691
0.06934673366834171,0.06934673366834171,0.3,0.3,4.0,-1.0,0.135,fav,1,50,0.000790765741680012,0.0014198412816117001,-0.000790765741680012,0.0014198412816117001,3.5511613623428517,0.10965268175672387,0.08921862441028793,0.07705178547326332
0.06934673366834171,0.06934673366834171,0.3,0.3,4.0,-1.0,0.135,unf,3,50,0.017561923499875048,0.011217608546478694,-0.017561923499875048,0.011217608546478694,1.5834327488759365,0.0354194649993319,-0.2256213874902748,0.09690144217752658
0.07085427135678392,0.07085427135678392,0.3,0.3,4.0,-1.0,0.135,fav,1,50,0.0008228003772070414,0.0014751797058988002,-0.0008228003772070414,0.0014751797058988002,3.5451697517423417,0.10927761466215698,0.08898281086380376,0.07671671131002711
0.07085427135678392,0.07085427135678392,0.3,0.3,4.0,-1.0,0.135,unf,3,50,0.018230758676542887,0.011630909768256205,-0.018230758676542887,0.011630909768256205,1.5811510748991295,0.035315542265703145,-0.22470278706602964,0.0963896654884763
0.07236180904522613,0.07236180904522613,0.3,0.3,4.0,-1.0,0.135,fav,1,50,0.0008553003504179835,0.0015311309553806601,-0.0008553003504179835,0.0015311309553806601,3.5390597374245276,0.10889546651164254,0.08874268276223826,0.07637588480441106
0.07236180904522613,0.07236180904522613,0.3,0.3,4.0,-1.0,0.135,unf,3,50,0.01890567574543644,0.012046769039420374,-0.01890567574543644,0.012046769039420374,1.578823729082552,0.03520961835424604,-0.22376844141907906,0.09586959797534195
0.07386934673366834,0.07386934673366834,0.3,0.3,4.0,-1.0,0.135,fav,1,50,0.0008882529896959508,0.0015876627477596171,-0.0008882529896959508,0.0015876627477596171,3.5328319674755853,0.10850629780084363,0.08849828560732494,0.07602939235834125
0.07386934673366834,0.07386934673366834,0.3,0.3,4.0,-1.0,0.135,unf,3,50,0.019586224888574543,0.01246485517053055,-0.019586224888574543,0.01246485517053055,1.5764509230001114,0.0351017077022976,-0.22281858796686663,0.09534139859690241
0.07537688442211055,0.07537688442211055,0.3,0.3,4.0,-1.0,0.135,fav,1,50,0.0009216455142640815,0.0016447425682971915,-0.0009216455142640815,0.0016447425682971915,3.5264871016800097,0.10811017005508655,0.08824966557554664,0.07567732155045341
0.07537688442211055,0.07537688442211055,0.3,0.3,4.0,-1.0,0.135,unf,3,50,0.02027195452559119,0.012884836921222225,-0.02027195452559119,0.012884836921222225,1.5740328721388377,0.03499182500133108,-0.22185346726577965,0.09480522822624937
0.07688442211055276,0.07688442211055276,0.3,0.3,4.0,-1.0,0.135,fav,1,50,0.0009554650425406555,0.001702337693165139,-0.0009554650425406555,0.001702337693165139,3.52002581140405,0.10770714581494961,0.08799686950204967,0.07531976110005745
0.07688442211055276,0.07688442211055276,0.3,0.3,4.0,-1.0,0.135,unf,3,50,0.020962411696620945,0.013306383331059997,-0.020962411696620945,0.013306383331059997,1.571569795866252,0.03487998519434022,-0.220873322907576,0.09426124957222023
0.07839195979899496,0.07839195979899496,0.3,0.3,4.0,-1.0,0.135,fav,1,50,0.0009896986005251119,0.0017604152128465284,-0.0009896986005251119,0.0017604152128465284,3.5134487794772506,0.10729728862145262,0.08773994486438332,0.07495680083075738
0.07839195979899496,0.07839195979899496,0.3,0.3,4.0,-1.0,0.135,unf,3,50,0.021657142444018868,0.01372916404802096,-0.021657142444018868,0.01372916404802096,1.5690619173971998,0.03476620347239276,-0.219878401414894,0.09370962710026658
0.07989949748743719,0.07989949748743719,0.3,0.3,4.0,-1.0,0.135,fav,1,50,0.0010243331302080424,0.0018189420555661103,-0.0010243331302080424,0.0018189420555661103,3.5067567000721156,0.10688066300112001,0.08747893976607299,0.07458853163374904
0.07989949748743719,0.07989949748743719,0.3,0.3,4.0,-1.0,0.135,unf,3,50,0.02235569219250905,0.014152849654216119,-0.02235569219250905,0.014152849654216119,1.5665094637601222,0.034650495271864756,-0.21886895213591212,0.09315052695280304
0.0814070351758794,0.0814070351758794,0.3,0.3,4.0,-1.0,0.135,fav,1,50,0.0010593554979982445,0.0018778850107293921,-0.0010593554979982445,0.0018778850107293921,3.4999502785819363,0.10645733445104036,0.08721390292003646,0.07421504543081454
0.0814070351758794,0.0814070351758794,0.3,0.3,4.0,-1.0,0.135,unf,3,50,0.023057606127360984,0.014577111988463379,-0.023057606127360984,0.014577111988463379,1.563912665762799,0.0345328762713418,-0.21784522713822108,0.09258411686909736
0.0829145728643216,0.0829145728643216,0.3,0.3,4.0,-1.0,0.135,fav,1,50,0.0010947525031599482,0.0019372107523499174,-0.0010947525031599482,0.0019372107523499174,3.493030231496811,0.10602736942373009,0.08694488363185039,0.07383643513703671
0.0829145728643216,0.0829145728643216,0.3,0.3,4.0,-1.0,0.135,unf,3,50,0.023762429570198154,0.015001624465333048,-0.023762429570198154,0.015001624465333048,1.5612717579575617,0.03441336238814607,-0.21680748110197112,0.09201056610475114
0.08442211055276382,0.08442211055276382,0.3,0.3,4.0,-1.0,0.135,fav,1,50,0.001130510886253354,0.0019968858624444,-0.001130510886253354,0.0019968858624444,3.485997286277893,0.10559083531127572,0.08667193178287684,0.07345279462325328
0.08442211055276382,0.08442211055276382,0.3,0.3,4.0,-1.0,0.135,unf,3,50,0.02446970835204886,0.015426062390294244,-0.02446970835204886,0.015426062390294244,1.55858697860597,0.03429196977574156,-0.21575597121236093,0.09143004535082762
0.08592964824120602,0.08592964824120602,0.3,0.3,4.0,-1.0,0.135,fav,1,50,0.0011666173375716644,0.002056876854375524,-0.0011666173375716644,0.002056876854375524,3.478852181229898,0.10514780042961269,0.08639509781325751,0.07306421867827344
0.08592964824120602,0.08592964824120602,0.3,0.3,4.0,-1.0,0.135,unf,3,50,0.02517898918325567,0.015850103270599183,-0.02517898918325567,0.015850103270599183,1.5558585696429967,0.03416871481971189,-0.2146909570515305,0.09084272665267853
0.08743718592964823,0.08743718592964823,0.3,0.3,4.0,-1.0,0.135,fav,1,50,0.0012030585055678215,0.0021171501961223887,-0.0012030585055678215,0.0021171501961223887,3.4715956653718663,0.10469833400302173,0.08611443270478458,0.07267080297087737
0.08743718592964823,0.08743718592964823,0.3,0.3,4.0,-1.0,0.135,unf,3,50,0.025889820019866807,0.01627342712155016,-0.025889820019866807,0.01627342712155016,1.5530867766406766,0.03404361413517588,-0.2136127004899233,0.09024878332852602
0.08894472361809044,0.08894472361809044,0.3,0.3,4.0,-1.0,0.135,fav,1,50,0.0012398210052642358,0.0021776723334588333,-0.0012398210052642358,0.0021776723334588333,3.464228498306279,0.1042425061478706,0.08582998796365725,0.07227264401162033
0.08894472361809044,0.08894472361809044,0.3,0.3,4.0,-1.0,0.135,unf,3,50,0.026601750426139596,0.0166957167678042,-0.026601750426139596,0.0166957167678042,1.5502718487712739,0.033916684563103774,-0.21252146557718155,0.0896483898878512
0.09045226130653267,0.09045226130653267,0.3,0.3,4.0,-1.0,0.135,fav,1,50,0.00127689142663882,0.002238409713020005,-0.00127689142663882,0.002238409713020005,3.4567514500864958,0.10378038785632351,0.08554181560313158,0.0718698391144632
0.09045226130653267,0.09045226130653267,0.3,0.3,4.0,-1.0,0.135,unf,3,50,0.027314331932793992,0.017116658139379032,-0.027314331932793992,0.017116658139379032,1.5474140387699498,0.03378794316699624,-0.21141751843263912,0.08904172194964438
0.09195979899497488,0.09195979899497488,0.3,0.3,4.0,-1.0,0.135,fav,1,50,0.0013142563429807356,0.002299328805237891,-0.0013142563429807356,0.002299328805237891,3.4491653010825956,0.10331205097974318,0.0852499681260736,0.0714624863582504
0.09195979899497488,0.09195979899497488,0.3,0.3,4.0,-1.0,0.135,unf,3,50,0.028027118390662298,0.017535940562034218,-0.028027118390662298,0.017535940562034218,1.5445136028969422,0.033657407229617665,-0.2103011271354756,0.08842895616057103
0.09346733668341708,0.09346733668341708,0.3,0.3,4.0,-1.0,0.135,fav,1,50,0.0013519023192092993,0.002360396127126716,-0.0013519023192092993,0.002360396127126716,3.441470841845604,0.10283756821261437,0.0849544985074231,0.07105068454805688
0.09346733668341708,0.09346733668341708,0.3,0.3,4.0,-1.0,0.135,unf,3,50,0.028739666319389675,0.017953257041712092,-0.028739666319389675,0.017953257041712092,1.5415708008992746,0.03352509424938696,-0.20917256161459633,0.0878102701131024
0.0949748743718593,0.0949748743718593,0.3,0.3,4.0,-1.0,0.135,fav,1,50,0.0013898159201496017,0.002421578264899438,-0.0013898159201496017,0.002421578264899438,3.433668872970192,0.10235701307528057,0.08465546017657752,0.07063453317642619
0.0949748743718593,0.0949748743718593,0.3,0.3,4.0,-1.0,0.135,unf,3,50,0.02945153525084863,0.018368304542733634,-0.02945153525084863,0.018368304542733634,1.5385858959719918,0.03339102193692706,-0.2080320935383025,0.08718584226366839
0.0964824120603015,0.0964824120603015,0.3,0.3,4.0,-1.0,0.135,fav,1,50,0.0014279837187584545,0.0024828418963968543,-0.0014279837187584545,0.0024828418963968543,3.4257602049558478,0.10187045989716512,0.08435290699970474,0.07021413238451925
0.0964824120603015,0.0964824120603015,0.3,0.3,4.0,-1.0,0.135,unf,3,50,0.030162288066940376,0.01878078425945518,-0.030162288066940376,0.01878078425945518,1.5355591547189302,0.033255208211703025,-0.20687999620381212,0.08655585185088491
0.09798994974874371,0.09798994974874371,0.3,0.3,4.0,-1.0,0.135,fav,1,50,0.001466392304294367,0.002544153813311168,-0.001466392304294367,0.002544153813311168,3.4177456580665484,0.10137798379992513,0.08404689326199273,0.06978958292319763
0.09798994974874371,0.09798994974874371,0.3,0.3,4.0,-1.0,0.135,unf,3,50,0.030871491331465432,0.019190401881104324,-0.030871491331465432,0.019190401881104324,1.5324908471130483,0.03311767119820712,-0.20571654442669987,0.08592047881390187
0.09949748743718592,0.09949748743718592,0.3,0.3,4.0,-1.0,0.135,fav,1,50,0.0015050282904253704,0.0026054809431862117,-0.0015050282904253704,0.0026054809431862117,3.409626062189005,0.10087966067985152,0.08373747364984513,0.06936098611406066
0.09949748743718592,0.09949748743718592,0.3,0.3,4.0,-1.0,0.135,unf,3,50,0.03157871561575554,0.0195968678495242,-0.03157871561575554,0.0195968678495242,1.5293812464562933,0.03297842922267968,-0.20454201443031342,0.08527990371093323
0.10100502512562813,0.10100502512562813,0.3,0.3,4.0,-1.0,0.135,fav,1,50,0.0015438783232685866,0.0026667903711768484,-0.0015438783232685866,0.0026667903711768484,3.401402256689464,0.10037556719084481,0.08342470323303162,0.06892844381045818
0.10100502512562813,0.10100502512562813,0.3,0.3,4.0,-1.0,0.135,unf,3,50,0.032283535817769875,0.019999897609568017,-0.032283535817769875,0.019999897609568017,1.5262306293390495,0.032837500809237766,-0.20335668373523386,0.0846343076380086
0.10251256281407034,0.10251256281407034,0.3,0.3,4.0,-1.0,0.135,fav,1,50,0.001582929089355537,0.0027280493615505015,-0.001582929089355537,0.0027280493615505015,3.3930750902691456,0.09986578072653149,0.08310863744680116,0.06849205835849996
0.10251256281407034,0.10251256281407034,0.3,0.3,4.0,-1.0,0.135,unf,3,50,0.03298553147436854,0.020399211851897716,-0.03298553147436854,0.020399211851897716,1.523039275599149,0.0326949046762689,-0.20216083104883734,0.08398387214801029
0.10402010050251256,0.10402010050251256,0.3,0.3,4.0,-1.0,0.135,fav,1,50,0.0016221673235173434,0.002789225378914099,-0.0016221673235173434,0.002789225378914099,3.3846454208183117,0.0993503794033078,0.08278933207396694,0.06805193255808327
0.10402010050251256,0.10402010050251256,0.3,0.3,4.0,-1.0,0.135,unf,3,50,0.03368428706648755,0.020794536747954333,-0.03368428706648755,0.020794536747954333,1.5198074682804614,0.03255065973290565,-0.2009547361550242,0.08332877917003279
0.10552763819095477,0.10552763819095477,0.3,0.3,4.0,-1.0,0.135,fav,1,50,0.0016615798166840193,0.002850286109150173,-0.0016615798166840193,0.002850286109150173,3.3761141152690612,0.09882944204139166,0.08246684322697172,0.06760816962395783
0.10552763819095477,0.10552763819095477,0.3,0.3,4.0,-1.0,0.135,unf,3,50,0.034379392316950835,0.021185604176878294,-0.034379392316950835,0.021185604176878294,1.5165354935910824,0.032404785075007304,-0.19973867980417354,0.08266921092912478
0.10703517587939698,0.10703517587939698,0.3,0.3,4.0,-1.0,0.135,fav,1,50,0.0017011534235922378,0.002911199480046264,-0.0017011534235922378,0.002911199480046264,3.367482049446788,0.09830304814822194,0.08214122732994149,0.06716087314685157
0.10703517587939698,0.10703517587939698,0.3,0.3,4.0,-1.0,0.135,unf,3,50,0.035070442480665924,0.02157215194417377,-0.035070442480665924,0.02157215194417377,1.5132236408611066,0.03225729998175379,-0.19851294360338442,0.08200534986645686
0.10854271356783919,0.10854271356783919,0.3,0.3,4.0,-1.0,0.135,fav,1,50,0.0017408750703960427,0.002971933681602181,-0.0017408750703960427,0.002971933681602181,3.3587501079204443,0.09777127789975575,0.0818125411007365,0.0667101470546743
0.10854271356783919,0.10854271356783919,0.3,0.3,4.0,-1.0,0.135,unf,3,50,0.03575703862696181,0.02195392399192204,-0.03575703862696181,0.02195392399192204,1.5098722025000193,0.03210822391159141,-0.19727780990706545,0.08133737855996287
0.1100502512562814,0.1100502512562814,0.3,0.3,4.0,-1.0,0.135,fav,1,50,0.0017807317621751167,0.0030324571860001898,-0.0017807317621751167,0.0030324571860001898,3.349919183851587,0.09723421212221935,0.08148084153300804,0.06625609557382224
0.1100502512562814,0.1100502512562814,0.3,0.3,4.0,-1.0,0.135,unf,3,50,0.03643878791383935,0.02233067060036375,-0.03643878791383935,0.02233067060036375,1.506481473953694,0.031957576498599115,-0.19603356170792893,0.08066547964550937
0.11155778894472361,0.11155778894472361,0.3,0.3,4.0,-1.0,0.135,fav,1,50,0.001820710590335369,0.003092738767223622,-0.001820710590335369,0.003092738767223622,3.3409901788422376,0.09669193227434474,0.08114618587826838,0.06579882319060265
0.11155778894472361,0.11155778894472361,0.3,0.3,4.0,-1.0,0.135,unf,3,50,0.03711530385391676,0.022702148580682868,-0.03711530385391676,0.022702148580682868,1.503051753661021,0.031805377548541465,-0.19478048252845098,0.07998983573862975
0.11306532663316582,0.11306532663316582,0.3,0.3,4.0,-1.0,0.135,fav,1,50,0.0018607987398967163,0.003152747520309868,-0.0018607987398967163,0.003152747520309868,3.3319640027816235,0.09614452042856525,0.0808086316279835,0.06533843461279855
0.11306532663316582,0.11306532663316582,0.3,0.3,4.0,-1.0,0.135,unf,3,50,0.03778620657186484,0.02306812145883848,-0.03778620657186484,0.02306812145883848,1.4995833430101662,0.03165164703500385,-0.19351885631285431,0.07931062935687774
0.11457286432160804,0.11457286432160804,0.3,0.3,4.0,-1.0,0.135,fav,1,50,0.0019009834966630943,0.003212452880224238,-0.0019009834966630943,0.003212452880224238,3.3228415736918118,0.09559205925320749,0.08046823649569568,0.06487503473139289
0.11457286432160804,0.11457286432160804,0.3,0.3,4.0,-1.0,0.135,unf,3,50,0.038451123053139045,0.023428359650305493,-0.038451123053139045,0.023428359650305493,1.4960765462944658,0.03149640509571072,-0.19224896731967014,0.0786280428428425
0.11608040201005025,0.11608040201005025,0.3,0.3,4.0,-1.0,0.135,fav,1,50,0.0019412522542698793,0.003271824640341674,-0.0019412522542698793,0.003271824640341674,3.313623817572294,0.09503463199319447,0.08012505839918463,0.06440872858247262
0.11608040201005025,0.11608040201005025,0.3,0.3,4.0,-1.0,0.135,unf,3,50,0.039109687383828,0.023782640625597543,-0.039109687383828,0.023782640625597543,1.4925316706679874,0.03133967202821083,-0.19097110001493806,0.07794225828786554
0.11758793969849246,0.11758793969849246,0.3,0.3,4.0,-1.0,0.135,fav,1,50,0.0019815925211040574,0.003330832970523768,-0.0019815925211040574,0.003330832970523768,3.3043116682435323,0.09447232245201831,0.07977915544267518,0.06393962130933081
0.11758793969849246,0.11758793969849246,0.3,0.3,4.0,-1.0,0.135,unf,3,50,0.0397615409814512,0.024130749066460174,-0.0397615409814512,0.024130749066460174,1.4889490261007317,0.03118146828642331,-0.18968553896609489,0.07725345745651588
0.11909547738693467,0.11909547738693467,0.3,0.3,4.0,-1.0,0.135,fav,1,50,0.002021991927092614,0.003389448434779134,-0.002021991927092614,0.003389448434779134,3.29490606718953,0.0939052149727643,0.07943058589909929,0.06346781812478712
0.11909547738693467,0.11909547738693467,0.3,0.3,4.0,-1.0,0.135,unf,3,50,0.04040633281655026,0.024472477012636464,-0.04040633281655026,0.024472477012636464,1.4853289253335198,0.031021814476271264,-0.1883925687366127,0.07656182171184778
0.12060301507537688,0.12060301507537688,0.3,0.3,4.0,-1.0,0.135,fav,1,50,0.002062438230354796,0.0034476420084956338,-0.002062438230354796,0.0034476420084956338,3.2854079633994346,0.09333339441965054,0.07907940819242011,0.06299342427374423
0.12060301507537688,0.12060301507537688,0.3,0.3,4.0,-1.0,0.135,unf,3,50,0.041043719624932334,0.024807623999119715,-0.041043719624932334,0.024807623999119715,1.4816716838325488,0.030860731351959502,-0.1870924737814347,0.07586753194149971
0.12211055276381909,0.12211055276381909,0.3,0.3,4.0,-1.0,0.135,fav,1,50,0.0021029193237140694,0.0035053850952335647,-0.0021029193237140694,0.0035053850952335647,3.2758183132082555,0.09275694615876512,0.0787256808800268,0.0625165449959992
0.12211055276381909,0.12211055276381909,0.3,0.3,4.0,-1.0,0.135,unf,3,50,0.041673366110436046,0.02513599718382342,-0.041673366110436046,0.02513599718382342,1.4779776197436392,0.030698239811878244,-0.18578553834326553,0.07517076848466549
0.1236180904522613,0.1236180904522613,0.3,0.3,4.0,-1.0,0.135,fav,1,50,0.0021434232410656906,0.003562649543069439,-0.0021434232410656906,0.003562649543069439,3.266138080136679,0.09217595603957726,0.07836946263520633,0.06203728548932839
0.1236180904522613,0.1236180904522613,0.3,0.3,4.0,-1.0,0.135,unf,3,50,0.04229494513810378,0.02545741146561064,-0.04229494513810378,0.02545741146561064,1.4742470538461787,0.030534360894547835,-0.18447204634976433,0.07447171105998203
0.12512562814070352,0.12512562814070352,0.3,0.3,4.0,-1.0,0.135,fav,1,50,0.0021839381635961053,0.0036194076604805165,-0.0021839381635961053,0.0036194076604805165,3.256368234730055,0.09159051037578463,0.07801081222970115,0.06155575087286342
0.12512562814070352,0.12512562814070352,0.3,0.3,4.0,-1.0,0.135,unf,3,50,0.04290813791765712,0.025771689592639868,-0.04290813791765712,0.025771689592639868,1.470480309506772,0.03036911577461321,-0.18315228131169498,0.0737705386943694
0.12663316582914572,0.12663316582914572,0.3,0.3,4.0,-1.0,0.135,fav,1,50,0.002224452425850405,0.0036756322317608565,-0.002224452425850405,0.0036756322317608565,3.246509754396588,0.09100069592641755,0.07764978851635945,0.061072046150775494
0.12663316582914572,0.12663316582914572,0.3,0.3,4.0,-1.0,0.135,unf,3,50,0.043512634177184484,0.02607866226099755,-0.043512634177184484,0.02607866226099755,1.4666777126326038,0.030202525758890073,-0.18182652622208018,0.0730674296528642
0.12814070351758794,0.12814070351758794,0.3,0.3,4.0,-1.0,0.135,fav,1,50,0.0022649545216443826,0.0037312965319602227,-0.0022649545216443826,0.0037312965319602227,3.236563623244759,0.09040659987661678,0.07728645041188574,0.06058627617628638
0.12814070351758794,0.12814070351758794,0.3,0.3,4.0,-1.0,0.135,unf,3,50,0.04410813232696406,0.026378168203600574,-0.04410813232696406,0.026378168203600574,1.4628395916245314,0.03003461228208802,-0.18049506345640917,0.072362561369482
0.12964824120603013,0.12964824120603013,0.3,0.3,4.0,-1.0,0.135,fav,1,50,0.002305433109817792,0.0037863743413376724,-0.002305433109817792,0.0037863743413376724,3.226530831920024,0.08980830981872742,0.07692085687969892,0.06009854561602208
0.12964824120603013,0.12964824120603013,0.3,0.3,4.0,-1.0,0.135,unf,3,50,0.044694339613356726,0.026670054269365143,-0.044694339613356726,0.026670054269365143,1.4589662773299075,0.029865396902889613,-0.1791581746739476,0.07165611037914292
0.13115577889447236,0.13115577889447236,0.3,0.3,4.0,-1.0,0.135,fav,1,50,0.0023458770198256772,0.003840839959322363,-0.0023458770198256772,0.003840839959322363,3.2164123774408186,0.08920591373316267,0.07655306691290474,0.059608958914726416
0.13115577889447236,0.13115577889447236,0.3,0.3,4.0,-1.0,0.135,unf,3,50,0.04527097226271751,0.026954175492652707,-0.04527097226271751,0.026954175492652707,1.455058102995148,0.029694901299854172,-0.17781614072019433,0.07094825225069751
0.13266331658291458,0.13266331658291458,0.3,0.3,4.0,-1.0,0.135,fav,1,50,0.002386275257164745,0.003894668217974578,-0.002386275257164745,0.003894668217974578,3.206209263033929,0.08859949996909376,0.07618313951739034,0.05911762026035051
0.13266331658291458,0.13266331658291458,0.3,0.3,4.0,-1.0,0.135,unf,3,50,0.04583775561528592,0.027230395153014616,-0.04583775561528592,0.027230395153014616,1.4511154042180556,0.02952314726705709,-0.17646924153053128,0.07023916152108561
0.13417085427135678,0.13417085427135678,0.3,0.3,4.0,-1.0,0.135,fav,1,50,0.0024266170086319986,0.003947834494940611,-0.0024266170086319986,0.003947834494940611,3.195922497969231,0.08798915722550076,0.07581113369504666,0.05862463354953481
0.13417085427135678,0.13417085427135678,0.3,0.3,4.0,-1.0,0.135,unf,3,50,0.046394424249028864,0.02749858482527161,-0.046394424249028864,0.02749858482527161,1.4471385188999017,0.029350156710362417,-0.1751177560351109,0.06952901163065953
0.135678391959799,0.135678391959799,0.3,0.3,4.0,-1.0,0.135,fav,1,50,0.0024668916474129693,0.00400031472589576,-0.0024668916474129693,0.00400031472589576,3.1855530973938704,0.087374974531798,0.07543710842712702,0.05813010235349799
0.135678391959799,0.135678391959799,0.3,0.3,4.0,-1.0,0.135,unf,3,50,0.04694072209342209,0.027758624419975363,-0.04694072209342209,0.027758624419975363,1.4431277871972852,0.029175951642902136,-0.1737619620650228,0.06881797485970495
0.1371859296482412,0.1371859296482412,0.3,0.3,4.0,-1.0,0.135,fav,1,50,0.0025070887379971024,0.004052085416470163,-0.0025070887379971024,0.004052085416470163,3.1751020821659006,0.08675704122878107,0.07506112265774681,0.05763412988434952
0.1371859296482412,0.1371859296482412,0.3,0.3,4.0,-1.0,0.135,unf,3,50,0.047476402533167816,0.028010402214312176,-0.047476402533167816,0.028010402214312176,1.4390835514737708,0.029000554181123527,-0.17240213625978307,0.06810622226618747
0.13869346733668342,0.13869346733668342,0.3,0.3,4.0,-1.0,0.135,fav,1,50,0.002547198040918042,0.004103123653652957,-0.002547198040918042,0.004103123653652957,3.1645704786874274,0.08613544694919051,0.07468323527753212,0.05713681896183987
0.13869346733668342,0.13869346733668342,0.3,0.3,4.0,-1.0,0.135,unf,3,50,0.04800122850185978,0.028253814873520706,-0.04800122850185978,0.028253814873520706,1.435006156251316,0.028823986540682526,-0.17103855397618442,0.06739392362475595
0.1402010050251256,0.1402010050251256,0.3,0.3,4.0,-1.0,0.135,fav,1,50,0.002587209517316684,0.0041534071166706545,-0.002587209517316684,0.0041534071166706545,3.1539593187372845,0.08551028159879986,0.07430350510742323,0.05663827198056244
0.1402010050251256,0.1402010050251256,0.3,0.3,4.0,-1.0,0.135,unf,3,50,0.0485149725656173,0.02848876746290733,-0.0485149725656173,0.02848876746290733,1.4308959481615076,0.028646271032115943,-0.16967148919854932,0.06668124736702646
0.14170854271356784,0.14170854271356784,0.3,0.3,4.0,-1.0,0.135,fav,1,50,0.002627113333325144,0.004202914087336392,-0.002627113333325144,0.004202914087336392,3.1432696393032966,0.08488163533703255,0.07392199088263889,0.05613859087762291
0.14170854271356784,0.14170854271356784,0.3,0.3,4.0,-1.0,0.135,unf,3,50,0.04901741699672377,0.028715173450552862,-0.04901741699672377,0.028715173450552862,1.4267532758966024,0.028467430056721175,-0.16830121445042068,0.06596836052318096
0.14321608040201003,0.14321608040201003,0.3,0.3,4.0,-1.0,0.135,fav,1,50,0.002666899864269866,0.00425162345986712,-0.002666899864269866,0.00425162345986712,3.132502482414165,0.08424959855741457,0.07353875123680798,0.05563787710078781
0.14321608040201003,0.14321608040201003,0.3,0.3,4.0,-1.0,0.135,unf,3,50,0.04950835383731397,0.02893295470081831,-0.04950835383731397,0.02893295470081831,1.422578490160388,0.028287486102418713,-0.16692800070772948,0.06525542866489542
0.14472361809045226,0.14472361809045226,0.3,0.3,4.0,-1.0,0.135,fav,1,50,0.0027065596986923703,0.0042995147501665495,-0.0027065596986923703,0.0042995147501665495,3.1216588949709756,0.08361426186941058,0.07315384468627412,0.05513623157712715
0.14472361809045226,0.14472361809045226,0.3,0.3,4.0,-1.0,0.135,unf,3,50,0.04998758495316968,0.029142041458763732,-0.04998758495316968,0.029142041458763732,1.4183719436188758,0.028106461739646035,-0.16555211731347302,0.06454261584963188
0.14623115577889448,0.14623115577889448,0.3,0.3,4.0,-1.0,0.135,fav,1,50,0.0027460836421862476,0.004346568104572125,-0.0027460836421862476,0.004346568104572125,3.110739928578448,0.08297571607786043,0.07276732961457927,0.054633754682163166
0.14623115577889448,0.14623115577889448,0.3,0.3,4.0,-1.0,0.135,unf,3,50,0.05045492207769006,0.02934237232560858,-0.05045492207769006,0.02934237232560858,1.4141339908508386,0.02792437961686494,-0.1641738318939387,0.06383008456630831
0.14773869346733667,0.14773869346733667,0.3,0.3,4.0,-1.0,0.135,fav,1,50,0.0027854627210492544,0.004392764308064939,-0.0027854627210492544,0.004392764308064939,3.0997466393758684,0.08233405216502859,0.07237926425713175,0.05413054620953809
0.14773869346733667,0.14773869346733667,0.3,0.3,4.0,-1.0,0.135,unf,3,50,0.050910186846117964,0.029533894225369877,-0.050910186846117964,0.029533894225369877,1.4098649882981862,0.027741262456711355,-0.1627934102765048,0.06311799568237612
0.1492462311557789,0.1492462311557789,0.3,0.3,4.0,-1.0,0.135,fav,1,50,0.0028246881857495066,0.004438084791942102,-0.0028246881857495066,0.004438084791942102,3.088680087867813,0.0816893612710162,0.07198970668606444,0.05362670534121255
0.1492462311557789,0.1492462311557789,0.3,0.3,4.0,-1.0,0.135,unf,3,50,0.05135321082011183,0.029716562362823506,-0.05135321082011183,0.029716562362823506,1.4055652942162116,0.027557133051566887,-0.16141111640905068,0.06240650839231801
0.1507537688442211,0.1507537688442211,0.3,0.3,4.0,-1.0,0.135,fav,1,50,0.0028637515142049285,0.004482511640951517,-0.0028637515142049285,0.004482511640951517,3.0775413387546866,0.08104173467443881,0.07159871479528813,0.05312233061820724
0.1507537688442211,0.1507537688442211,0.3,0.3,4.0,-1.0,0.135,unf,3,50,0.051783835502763935,0.02989034017294519,-0.051783835502763935,0.02989034017294519,1.4012352686236964,0.027372014259574168,-0.16002721228100636,0.06169578016758984
0.15226130653266332,0.15226130653266332,0.3,0.3,4.0,-1.0,0.135,fav,1,50,0.0029026444148753726,0.004526027599889805,-0.0029026444148753726,0.004526027599889805,3.0663314607630734,0.0803912637738719,0.07120634628574568,0.052617519911897434
0.15226130653266332,0.15226130653266332,0.3,0.3,4.0,-1.0,0.135,unf,3,50,0.05220191234417618,0.030055199261994358,-0.05220191234417618,0.030055199261994358,1.3968752732529048,0.027185929000188805,-0.15864195784606824,0.06098596670802342
0.1537688442211055,0.1537688442211055,0.3,0.3,4.0,-1.0,0.135,fav,1,50,0.0029413588296669036,0.004568616079664402,-0.0029413588296669036,0.004568616079664402,3.0550515264760025,0.0797380400684724,0.07081265865087119,0.052112370395873846
0.1537688442211055,0.1537688442211055,0.3,0.3,4.0,-1.0,0.135,unf,3,50,0.05260730273771377,0.03021111934041438,-0.05260730273771377,0.03021111934041438,1.3924856714994565,0.02699890025018628,-0.15725561094661067,0.06027722189470574
0.15527638190954773,0.15527638190954773,0.3,0.3,4.0,-1.0,0.135,fav,1,50,0.002979886936648018,0.004610261162821697,-0.002979886936648018,0.004610261162821697,3.043702612163098,0.07908215513951823,0.07041770916226034,0.051606978518376374
0.15527638190954773,0.15527638190954773,0.3,0.3,4.0,-1.0,0.135,unf,3,50,0.05299987800706789,0.030358088147728557,-0.05299987800706789,0.030358088147728557,1.3880668283721036,0.026810951039275454,-0.15586842723981703,0.0595696977443496
0.15678391959798993,0.15678391959798993,0.3,0.3,4.0,-1.0,0.135,fav,1,50,0.0030182211525776386,0.00465094760854335,-0.0030182211525776386,0.00465094760854335,3.03228579761072,0.07842370063091934,0.07002155485555513,0.05110143997531495
0.15678391959798993,0.15678391959798993,0.3,0.3,4.0,-1.0,0.135,unf,3,50,0.05337951938426619,0.03049610136962096,-0.05337951938426619,0.03049610136962096,1.3836191104424092,0.026622104446278702,-0.1544806601255558,0.05886354436517103
0.15829145728643215,0.15829145728643215,0.3,0.3,4.0,-1.0,0.135,fav,1,50,0.003056354135245009,0.004690660857113689,-0.003056354135245009,0.004690660857113689,3.020802165952066,0.07776276823094136,0.06962425251654862,0.050595849683883476
0.15829145728643215,0.15829145728643215,0.3,0.3,4.0,-1.0,0.135,unf,3,50,0.053746117978780365,0.030625162547396372,-0.053746117978780365,0.030625162547396372,1.3791428857943517,0.026432383594390256,-0.15309256067602436,0.058158909914284164
0.15979899497487438,0.15979899497487438,0.3,0.3,4.0,-1.0,0.135,fav,1,50,0.003094278785621688,0.004729387033861488,-0.003094278785621688,0.004729387033861488,3.0092528034973247,0.07709944965314802,0.06922585866751355,0.05009030175677803
0.15979899497487438,0.15979899497487438,0.3,0.3,4.0,-1.0,0.135,unf,3,50,0.054099574737887714,0.03074528298002176,-0.054099574737887714,0.03074528298002176,1.3746385239738468,0.026241811647526227,-0.15170437756718153,0.057455940556627165
0.16130653266331657,0.16130653266331657,0.3,0.3,4.0,-1.0,0.135,fav,1,50,0.0031319882498260627,0.004767112952579987,-0.0031319882498260627,0.004767112952579987,2.997638799563889,0.07643383661765134,0.06882642955375905,0.049584889477027244
0.16130653266331657,0.16130653266331657,0.3,0.3,4.0,-1.0,0.135,unf,3,50,0.054439800398452275,0.03085648161895665,-0.054439800398452275,0.03085648161895665,1.3701063959382127,0.026050411805721,-0.15031635701199048,0.0567547804254249
0.1628140703517588,0.1628140703517588,0.3,0.3,4.0,-1.0,0.135,fav,1,50,0.003169475920900996,0.004803826118429534,-0.003169475920900996,0.004803826118429534,2.9859612463066543,0.07576602083315523,0.06842602113041978,0.04907970527344263
0.1628140703517588,0.1628140703517588,0.3,0.3,4.0,-1.0,0.135,unf,3,50,0.05476671543029893,0.03095878495598675,-0.05476671543029893,0.03095878495598675,1.365546874005576,0.02585820730130697,-0.14892874269548834,0.05605557158420333
0.164321608040201,0.164321608040201,0.3,0.3,4.0,-1.0,0.135,fav,1,50,0.0032067354404052718,0.00483951473032774,-0.0032067354404052718,0.00483951473032774,2.974221238548497,0.07509609397766599,0.06802468904948078,0.04857484069669804
0.164321608040201,0.164321608040201,0.3,0.3,4.0,-1.0,0.135,unf,3,50,0.05508024997136159,0.031052226904279452,-0.05508024997136159,0.031052226904279452,1.3609603318042367,0.025665221394599563,-0.1475417757117026,0.05535845399035658
0.1658291457286432,0.1658291457286432,0.3,0.3,4.0,-1.0,0.135,fav,1,50,0.0032437606998198198,0.0048741676828324785,-0.0032437606998198198,0.0048741676828324785,2.9624198736108913,0.07442414768038808,0.06762248864704241,0.048070386396043115
0.1658291457286432,0.1658291457286432,0.3,0.3,4.0,-1.0,0.135,unf,3,50,0.055380343754793705,0.031136848672885055,-0.055380343754793705,0.031136848672885055,1.3563471442219999,0.02547147736959383,-0.14615569450242802,0.05466356546027695
0.1673366834170854,0.1673366834170854,0.3,0.3,4.0,-1.0,0.135,fav,1,50,0.0032805458417697417,0.0049077745675236645,-0.0032805458417697417,0.0049077745675236645,2.9505582511447552,0.07375027350357048,0.06721947493082853,0.04756643209666034
0.1673366834170854,0.1673366834170854,0.3,0.3,4.0,-1.0,0.135,unf,3,50,0.055666946028236144,0.03121269863491252,-0.055666946028236144,0.03121269863491252,1.3517076873554754,0.02527699853015265,-0.1447707347978802,0.05397104163605082
0.16884422110552763,0.16884422110552763,0.3,0.3,4.0,-1.0,0.135,fav,1,50,0.00331708526106336,0.0049403256738900295,-0.00331708526106336,0.0049403256738900295,2.938637472961549,0.07307456292393974,0.0668157025679407,0.047063066577670364
0.16884422110552763,0.16884422110552763,0.3,0.3,4.0,-1.0,0.135,unf,3,50,0.05594001546544411,0.03127983218961139,-0.05594001546544411,0.03127983218961139,1.3470423384593695,0.025081808195572288,-0.14338712955923735,0.053281015953724406
0.17035175879396985,0.17035175879396985,0.3,0.3,4.0,-1.0,0.135,fav,1,50,0.0033533736055496744,0.004971811989727805,-0.0033533736055496744,0.004971811989727805,2.9266586428646395,0.07239710731505941,0.06641122587286316,0.04656037765079164
0.17035175879396985,0.17035175879396985,0.3,0.3,4.0,-1.0,0.135,unf,3,50,0.05619952007048095,0.031338311618595925,-0.05619952007048095,0.031338311618595925,1.3423514758957653,0.02488592969661673,-0.14200510892308413,0.052593619613140755
0.17185929648241205,0.17185929648241205,0.3,0.3,4.0,-1.0,0.135,fav,1,50,0.003389405776795727,0.005002225201058462,-0.003389405776795727,0.005002225201058462,2.9146228664810128,0.07171799792870265,0.06600609879571977,0.046058452139660325
0.17185929648241205,0.17185929648241205,0.3,0.3,4.0,-1.0,0.135,unf,3,50,0.056445437074692205,0.03138820593645023,-0.056445437074692205,0.03138820593645023,1.3376354790834089,0.024689386371351214,-0.1406249001477655,0.05190898154935085
0.17336683417085427,0.17336683417085427,0.3,0.3,4.0,-1.0,0.135,fav,1,50,0.0034251769305855767,0.005031557691573239,-0.0034251769305855767,0.005031557691573239,2.902531251093318,0.07103732587737985,0.0656003749107867,0.04555737585981602
0.17336683417085427,0.17336683417085427,0.3,0.3,4.0,-1.0,0.135,unf,3,50,0.05667775282667896,0.03142959073595528,-0.05667775282667896,0.03142959073595528,1.3328947284470025,0.02449220156125052,-0.13924672756166148,0.051227228405595904
0.17487437185929647,0.17487437185929647,0.3,0.3,4.0,-1.0,0.135,fav,1,50,0.003460682477242665,0.005059802541612518,-0.003460682477242665,0.005059802541612518,2.890384905472308,0.0703551821165189,0.06519410740526398,0.045057233599356455
0.17487437185929647,0.17487437185929647,0.3,0.3,4.0,-1.0,0.135,unf,3,50,0.05689646267549419,0.03146254802818207,-0.05689646267549419,0.03146254802818207,1.328129605366533,0.02429439860662627,-0.13787081251338995,0.05054848450786046
0.1763819095477387,0.1763819095477387,0.3,0.3,4.0,-1.0,0.135,fav,1,50,0.003495918081777524,0.005086953526688641,-0.003495918081777524,0.005086953526688641,2.8781849397097097,0.06967165742680731,0.06478734906830676,0.04455810910026701
0.1763819095477387,0.1763819095477387,0.3,0.3,4.0,-1.0,0.135,unf,3,50,0.05710157084729071,0.03148716607769519,-0.05710157084729071,0.03148716607769519,1.3233404921266136,0.02409600084315164,-0.13649737332394282,0.049872871840993795
0.1778894472361809,0.1778894472361809,0.3,0.3,4.0,-1.0,0.135,fav,1,50,0.0035308796638629397,0.0051130051155609734,-0.0035308796638629397,0.0051130051155609734,2.8659324650515576,0.0689868423965657,0.0643801522803206,0.04406008504042731
0.1778894472361809,0.1778894472361809,0.3,0.3,4.0,-1.0,0.135,unf,3,50,0.05729309031565364,0.031503539233113664,-0.05729309031565364,0.031503539233113664,1.3185277718658808,0.023897031597417306,-0.135126625240762,0.04920051002639414
0.1793969849246231,0.1793969849246231,0.3,0.3,4.0,-1.0,0.135,fav,1,50,0.0035655633976387664,0.005137952467872652,-0.0035655633976387664,0.005137952467872652,2.8536285937320134,0.06830082740418143,0.06397256900252138,0.043563243016299616
0.1793969849246231,0.1793969849246231,0.3,0.3,4.0,-1.0,0.135,unf,3,50,0.0574710426658536,0.03151176775327661,-0.0574710426658536,0.03151176775327661,1.3136918285264332,0.02369751418308078,-0.13375878039375746,0.048531516301251215
0.18090452261306533,0.18090452261306533,0.3,0.3,4.0,-1.0,0.135,fav,1,50,0.0035999657113487426,0.00516179143135855,-0.0035999657113487426,0.00516179143135855,2.841274438807712,0.06761370260148894,0.06356465076676261,0.0430676635263006
0.18090452261306533,0.18090452261306533,0.3,0.3,4.0,-1.0,0.135,unf,3,50,0.057635457953261,0.03151195762926037,-0.057635457953261,0.03151195762926037,1.3088330468033351,0.023497471896740212,-0.13239404775327052,0.047866005499340364
0.18241206030150753,0.18241206030150753,0.3,0.3,4.0,-1.0,0.135,fav,1,50,0.0036340832868117833,0.005184518538634634,-0.0036340832868117833,0.005184518538634634,2.8288711139926845,0.06692555789595211,0.06315644866563158,0.042573425954859814
0.18241206030150753,0.18241206030150753,0.3,0.3,4.0,-1.0,0.135,unf,3,50,0.057786374556164546,0.0315042204024957,-0.057786374556164546,0.0315042204024957,1.3039518120941809,0.02329692801408172,-0.1310326330899828,0.04720409003335898
0.18391959798994975,0.18391959798994975,0.3,0.3,4.0,-1.0,0.135,fav,1,50,0.003667913058730349,0.005206131003578981,-0.003667913058730349,0.005206131003578981,2.816419733493862,0.06623648293410771,0.06274801334281618,0.04208060855716667
0.18391959798994975,0.18391959798994975,0.3,0.3,4.0,-1.0,0.135,unf,3,50,0.05792383902323987,0.03148867297923178,-0.05792383902323987,0.03148867297923178,1.2990485104487457,0.023095905785729037,-0.12967473893677092,0.046545879878797096
0.18542713567839195,0.18542713567839195,0.3,0.3,4.0,-1.0,0.135,fav,1,50,0.00370145221383856,0.0052266267173152305,-0.00370145221383856,0.0052266267173152305,2.8039214118472198,0.06554656708458671,0.0623393949837437,0.04158928844460716
0.18542713567839195,0.18542713567839195,0.3,0.3,4.0,-1.0,0.135,unf,3,50,0.05804790591591628,0.031465437441593684,-0.05804790591591628,0.031465437441593684,1.2941235285187154,0.022894428433479417,-0.1283205645525045,0.04589148255933266
0.18693467336683417,0.18693467336683417,0.3,0.3,4.0,-1.0,0.135,fav,1,50,0.003734698189892949,0.005246004243809493,-0.003734698189892949,0.005246004243809493,2.791377263754571,0.06485589942173103,0.061930643306493026,0.04109954157089192
0.18693467336683417,0.18693467336683417,0.3,0.3,4.0,-1.0,0.135,unf,3,50,0.058158637645892235,0.031434640855478306,-0.058158637645892235,0.031434640855478306,1.2891772535075137,0.022692519146283455,-0.12697030588778582,0.04524100313373752
0.18844221105527637,0.18844221105527637,0.3,0.3,4.0,-1.0,0.135,fav,1,50,0.003767648674508671,0.00526426281509201,-0.003767648674508671,0.00526426281509201,2.7787884039210717,0.06416456870868263,0.06152180755298128,0.04061144271887632
0.18844221105527637,0.18844221105527637,0.3,0.3,4.0,-1.0,0.135,unf,3,50,0.05825610430805097,0.03139641507553279,-0.05825610430805097,0.03139641507553279,1.2842100731202413,0.022490201076238572,-0.12562415555262602,0.044594544184282006
0.1899497487437186,0.1899497487437186,0.3,0.3,4.0,-1.0,0.135,fav,1,50,0.003800301603844318,0.00528140232611519,-0.003800301603844318,0.00528140232611519,2.7661559468934396,0.06347266338136393,0.06111293648042587,0.040125065488072396
0.1899497487437186,0.1899497487437186,0.3,0.3,4.0,-1.0,0.135,unf,3,50,0.058340383509029516,0.031350896547457055,-0.058340383509029516,0.031350896547457055,1.2792223755137113,0.022287497334925317,-0.12428230278605247,0.04395220580662518
0.19145728643216078,0.19145728643216078,0.3,0.3,4.0,-1.0,0.135,fav,1,50,0.0038326551611383656,0.005297423329259947,-0.0038326551611383656,0.005297423329259947,2.7534810068989337,0.0627802715322979,0.06070407835308261,0.039640482282853766
0.19145728643216078,0.19145728643216078,0.3,0.3,4.0,-1.0,0.135,unf,3,50,0.058411560191695175,0.03129822610787038,-0.058411560191695175,0.03129822610787038,1.2742145492466275,0.022084430989404623,-0.12294493342764207,0.04331408560117324
0.192964824120603,0.192964824120603,0.3,0.3,4.0,-1.0,0.135,fav,1,50,0.0038647077751005465,0.005312327028502408,-0.0038647077751005465,0.005312327028502408,2.7407646976851368,0.06208748089442665,0.060295280934260946,0.039157764301351476
0.192964824120603,0.192964824120603,0.3,0.3,4.0,-1.0,0.135,unf,3,50,0.05846972645578323,0.03123854878197971,-0.05846972645578323,0.03123854878197971,1.2691869832298805,0.02188102505830063,-0.1216122298909704,0.04268027866589136
0.19447236180904523,0.19447236180904523,0.3,0.3,4.0,-1.0,0.135,fav,1,50,0.003896458118161394,0.005326115273253408,-0.003896458118161394,0.005326115273253408,2.7280081323605345,0.06139437882585385,0.059886591478616295,0.038676981525041024
0.19447236180904523,0.19447236180904523,0.3,0.3,4.0,-1.0,0.135,unf,3,50,0.058514981374951584,0.03117201357928223,-0.058514981374951584,0.03117201357928223,1.2641400666769822,0.021677302508266858,-0.12028437113897027,0.04205087759054981
0.19597989949748743,0.19597989949748743,0.3,0.3,4.0,-1.0,0.135,fav,1,50,0.003927905104583424,0.005338790551883362,-0.003927905104583424,0.005338790551883362,2.7152124232359824,0.060701052293450526,0.05947805672471996,0.03819820270901906
0.19597989949748743,0.19597989949748743,0.3,0.3,4.0,-1.0,0.135,unf,3,50,0.058547430810505514,0.03109877328753657,-0.058547430810505514,0.03109877328753657,1.2590741890546595,0.02147328624999325,-0.11896153266118782,0.0414259724523865
0.19748743718592965,0.19748743718592965,0.3,0.3,4.0,-1.0,0.135,fav,1,50,0.00395904788843738,0.005350355984945336,-0.00395904788843738,0.005350355984945336,2.7023786816670237,0.06000758785805449,0.05906972288790687,0.03772149537296777
0.19748743718592965,0.19748743718592965,0.3,0.3,4.0,-1.0,0.135,unf,3,50,0.058567187222047554,0.03101898426522812,-0.058567187222047554,0.03101898426522812,1.2539897400335973,0.021268999134366064,-0.11764388645292576,0.0408056508131638
0.19899497487437184,0.19899497487437184,0.3,0.3,4.0,-1.0,0.135,fav,1,50,0.003989885861447089,0.00536081531810927,-0.003989885861447089,0.00536081531810927,2.689508017897138,0.05931407165910682,0.05866163565340116,0.03724692579280531
0.19899497487437184,0.19899497487437184,0.3,0.3,4.0,-1.0,0.135,unf,3,50,0.058574369475305005,0.03093280623275384,-0.058574369475305005,0.03093280623275384,1.2488871094393468,0.021064463949060898,-0.11633160099626157,0.04018999771760065
0.20050251256281407,0.20050251256281407,0.3,0.3,4.0,-1.0,0.135,fav,1,50,0.004020418650706628,0.0053701729148205694,-0.004020418650706628,0.0053701729148205694,2.6766015409019372,0.058620589399290005,0.05825384016971901,0.03677455899301955
0.20050251256281407,0.20050251256281407,0.3,0.3,4.0,-1.0,0.135,unf,3,50,0.058569102647387,0.030840402062548507,-0.058569102647387,0.030840402062548507,1.2437666872034105,0.02085970341456723,-0.11502484124292678,0.039579095693154966
0.20201005025125626,0.20201005025125626,0.3,0.3,4.0,-1.0,0.135,fav,1,50,0.00405064611627336,0.0053784337486963525,-0.00405064611627336,0.0053784337486963525,2.663660358234316,0.057927226330270705,0.05784638104234923,0.03630445873968242
0.20201005025125626,0.20201005025125626,0.3,0.3,4.0,-1.0,0.135,unf,3,50,0.058551517829721754,0.03074193756836784,-0.058551517829721754,0.03074193756836784,1.2386288633145093,0.02065474018072474,-0.11372376859903296,0.03897302475113473
0.20351758793969849,0.20351758793969849,0.3,0.3,4.0,-1.0,0.135,fav,1,50,0.004080568348640728,0.00538560339567286,-0.004080568348640728,0.00538560339567286,2.6506855758706234,0.05723406723770098,0.05743930232771004,0.03583668753414195
0.20351758793969849,0.20351758793969849,0.3,0.3,4.0,-1.0,0.135,unf,3,50,0.05852175192892261,0.030637581293942277,-0.05852175192892261,0.030637581293942277,1.2334740277700393,0.020449596822869752,-0.11242854091162995,0.038371862389109515
0.20502512562814068,0.20502512562814068,0.3,0.3,4.0,-1.0,0.135,fav,1,50,0.004110185666094519,0.00539168802591758,-0.004110185666094519,0.00539168802591758,2.637678298057856,0.05654119642684471,0.057032647527382636,0.03537130660738804
0.20502512562814068,0.20502512562814068,0.3,0.3,4.0,-1.0,0.135,unf,3,50,0.05847994746582938,0.030527504301210505,-0.05847994746582938,0.030527504301210505,1.22830257052773,0.02024429583829565,-0.11113931245707862,0.03777568359459952
0.2065326633165829,0.2065326633165829,0.3,0.3,4.0,-1.0,0.135,fav,1,50,0.004139498611956511,0.005396694395519786,-0.004139498611956511,0.005396694395519786,2.624639627161912,0.05584869770859964,0.056626459582619616,0.03490837591508823
0.2065326633165829,0.2065326633165829,0.3,0.3,4.0,-1.0,0.135,unf,3,50,0.05842625237296931,0.0304118799583363,-0.05842625237296931,0.0304118799583363,1.2231148814575024,0.02003885964302981,-0.10985623393122092,0.037184560850012434
0.20804020100502513,0.20804020100502513,0.3,0.3,4.0,-1.0,0.135,fav,1,50,0.004168507951719379,0.005400629837973328,-0.004168507951719379,0.005400629837973328,2.611570663516929,0.055156654385357086,0.05622078086912837,0.03444795413328936
0.20804020100502513,0.20804020100502513,0.3,0.3,4.0,-1.0,0.135,unf,3,50,0.058360819790678864,0.030290883727711004,-0.058360819790678864,0.030290883727711004,1.2179113502935546,0.01983331056764272,-0.1085794524413298,0.036598564138800624
0.20954773869346732,0.20954773869346732,0.3,0.3,4.0,-1.0,0.135,fav,1,50,0.004197214670076844,0.005403502255465418,-0.004197214670076844,0.005403502255465418,2.5984725052757494,0.05446514923715406,0.0558156531921276,0.03399009865478045
0.20954773869346732,0.20954773869346732,0.3,0.3,4.0,-1.0,0.135,unf,3,50,0.0582838078621254,0.030164692954135295,-0.0582838078621254,0.030164692954135295,1.2126923665866576,0.019627670854374172,-0.10730911149981866,0.03601776095280667
0.21105527638190955,0.21105527638190955,0.3,0.3,4.0,-1.0,0.135,fav,1,50,0.004225619967853035,0.0054053201099854425,-0.004225619967853035,0.0054053201099854425,2.585346248261501,0.05377426450862021,0.05541111778167615,0.033534865586111885
0.21105527638190955,0.21105527638190955,0.3,0.3,4.0,-1.0,0.135,unf,3,50,0.05819537952746394,0.03003348665337448,-0.05819537952746394,0.03003348665337448,1.2074583196566915,0.019421962653321974,-0.10604535101969108,0.035442216300767
0.21256281407035174,0.21256281407035174,0.3,0.3,4.0,-1.0,0.135,fav,1,50,0.004253725258835086,0.00540609241426763,-0.004253725258835086,0.00540609241426763,2.5721929858203767,0.05308408189523414,0.05500721528827307,0.0330823097452653
0.21256281407035174,0.21256281407035174,0.3,0.3,4.0,-1.0,0.135,unf,3,50,0.05809570231736066,0.029897445301273053,-0.05809570231736066,0.029897445301273053,1.2022095985454175,0.019216208018966677,-0.104788307311708,0.03487199271794389
0.21407035175879396,0.21407035175879396,0.3,0.3,4.0,-1.0,0.135,fav,1,50,0.0042815321665130475,0.0054058287225816,-0.0042815321665130475,0.0054058287225816,2.559013808675583,0.0523946825306042,0.05460398577872667,0.03263248465996923
0.21407035175879396,0.21407035175879396,0.3,0.3,4.0,-1.0,0.135,unf,3,50,0.057984948146112186,0.02975675062361325,-0.057984948146112186,0.02975675062361325,1.1969465919694935,0.019010428907160527,-0.10353811308325328,0.03430715027684606
0.21557788944723616,0.21557788944723616,0.3,0.3,4.0,-1.0,0.135,fav,1,50,0.004309042520731158,0.005404539121384691,-0.004309042520731158,0.005404539121384691,2.545809804782527,0.05170614697345226,0.05420146873229187,0.03218544256665391
0.21557788944723616,0.21557788944723616,0.3,0.3,4.0,-1.0,0.135,unf,3,50,0.05786329310458416,0.02961158538689652,-0.05786329310458416,0.02961158538689652,1.1916696882737514,0.018804647171226627,-0.10229489743887185,0.03374774659900858
0.21708542713567838,0.21708542713567838,0.3,0.3,4.0,-1.0,0.135,fav,1,50,0.004336258354254614,0.005402234219850043,-0.004336258354254614,0.005402234219850043,2.5325820591852324,0.05101855519538729,0.05379970303707347,0.03174123441003977
0.21708542713567838,0.21708542713567838,0.3,0.3,4.0,-1.0,0.135,unf,3,50,0.05773091725318999,0.02946213319022359,-0.05773091725318999,0.02946213319022359,1.1863792753847282,0.018598884559097195,-0.10105878588245928,0.03319383686779178
0.2185929648241206,0.2185929648241206,0.3,0.3,4.0,-1.0,0.135,fav,1,50,0.004363181899255904,0.005398925140284237,-0.004363181899255904,0.005398925140284237,2.5193316538740427,0.05033198656832835,0.05339872698669398,0.03129990984335146
0.2185929648241206,0.2185929648241206,0.3,0.3,4.0,-1.0,0.135,unf,3,50,0.05758800441512522,0.029308578258445298,-0.05758800441512522,0.029308578258445298,1.1810757407644734,0.0183931627097657,-0.09982990032107752,0.032645473842163195
0.2201005025125628,0.2201005025125628,0.3,0.3,4.0,-1.0,0.135,fav,1,50,0.004389815583724892,0.00539462350844838,-0.004389815583724892,0.00539462350844838,2.5060596676446,0.049646519852752896,0.052998578277223485,0.030861517229153344
0.2201005025125628,0.2201005025125628,0.3,0.3,4.0,-1.0,0.135,unf,3,50,0.05743474197006902,0.02915110523675236,-0.05743474197006902,0.02915110523675236,1.1757594713646289,0.018187503150071355,-0.09860835907037113,0.032102707871424815
0.22160804020100502,0.22160804020100502,0.3,0.3,4.0,-1.0,0.135,fav,1,50,0.004416162027806755,0.005389341443796299,-0.004416162027806755,0.005389341443796299,2.4927671759581584,0.04896223318581161,0.05259929400436999,0.030426103640795777
0.22160804020100502,0.22160804020100502,0.3,0.3,4.0,-1.0,0.135,unf,3,50,0.057271320648559554,0.028989898986869128,-0.057271320648559554,0.028989898986869128,1.1704308535807908,0.017981927291816455,-0.09739427686156045,0.03156558691083969
0.22311557788944722,0.22311557788944722,0.3,0.3,4.0,-1.0,0.135,fav,1,50,0.004442224040071889,0.005383091549643512,-0.004442224040071889,0.005383091549643512,2.4794552508032335,0.048279204070008706,0.052200910660927836,0.02999371486446766
0.22311557788944722,0.22311557788944722,0.3,0.3,4.0,-1.0,0.135,unf,3,50,0.05709793432724431,0.028825144385014975,-0.05709793432724431,0.028825144385014975,1.165090273207176,0.017776456427949446,-0.09618776484998272,0.031034156538125128
0.22462311557788944,0.22462311557788944,0.3,0.3,4.0,-1.0,0.135,fav,1,50,0.004468004613721973,0.005375886903280412,-0.004468004613721973,0.005375886903280412,2.4661249605586133,0.04759750936179065,0.0518034641344818,0.02956439540184545
0.22462311557788944,0.22462311557788944,0.3,0.3,4.0,-1.0,0.135,unf,3,50,0.056914779825202544,0.028657026121791412,-0.056914779825202544,0.028657026121791412,1.159738115391567,0.017571111730048803,-0.09498893062515634,0.03050845997075994
0.22613065326633164,0.22613065326633164,0.3,0.3,4.0,-1.0,0.135,fav,1,50,0.004493506922736293,0.00536774104604301,-0.004493506922736293,0.00536774104604301,2.452777369857762,0.04691722526079673,0.05140698970536442,0.029138188473331997
0.22613065326633164,0.22613065326633164,0.3,0.3,4.0,-1.0,0.135,unf,3,50,0.05672205670153094,0.02848572850415359,-0.05672205670153094,0.02848572850415359,1.154374764590577,0.01736591424500242,-0.09379787822233933,0.029988538084067755
0.22763819095477386,0.22763819095477386,0.3,0.3,4.0,-1.0,0.135,fav,1,50,0.004518734317962439,0.005358667973354415,-0.004518734317962439,0.005358667973354415,2.439413539454625,0.046238427299576654,0.05101152204486409,0.02871513602187565
0.22763819095477386,0.22763819095477386,0.3,0.3,4.0,-1.0,0.135,unf,3,50,0.05651996705437822,0.028311435259621712,-0.05651996705437822,0.028311435259621712,1.1490006045252246,0.017160884891914342,-0.09261470813555439,0.029474429430027534
0.22914572864321608,0.22914572864321608,0.3,0.3,4.0,-1.0,0.135,fav,1,50,0.0045436903231555045,0.0053486821247499304,-0.0045436903231555045,0.0053486821247499304,2.42603452609088,0.04556119033269977,0.05061709521368159,0.028295278717361393
0.22914572864321608,0.22914572864321608,0.3,0.3,4.0,-1.0,0.135,unf,3,50,0.0563087153216094,0.02813432934288665,-0.0563087153216094,0.02813432934288665,1.1436160181368231,0.016956044459172342,-0.09143951733205168,0.028966170256764557
0.23065326633165828,0.23065326633165828,0.3,0.3,4.0,-1.0,0.135,fav,1,50,0.004568378630969882,0.005337798373898554,-0.004568378630969882,0.005337798373898554,2.4126413823646304,0.04488558852696972,0.05022374266063151,0.02787865596156511
0.23065326633165828,0.23065326633165828,0.3,0.3,4.0,-1.0,0.135,unf,3,50,0.05608850808327429,0.027954592744963,-0.05608850808327429,0.027954592744963,1.1382213875432003,0.016751413601490992,-0.09027239926818023,0.028463794528672284
0.2321608040201005,0.2321608040201005,0.3,0.3,4.0,-1.0,0.135,fav,1,50,0.004592803098907698,0.005326032018633252,-0.004592803098907698,0.005326032018633252,2.399235156600562,0.044211695352227784,0.04983149722158666,0.027465305893661533
0.2321608040201005,0.2321608040201005,0.3,0.3,4.0,-1.0,0.135,unf,3,50,0.05585955386604916,0.027772406305042508,-0.05585955386604916,0.027772406305042508,1.1328170939952489,0.016547012836994897,-0.08911344390663806,0.027967333947115588
0.2336683417085427,0.2336683417085427,0.3,0.3,4.0,-1.0,0.135,fav,1,50,0.004616967745227966,0.005313398771002243,-0.004616967745227966,0.005313398771002243,2.385816892721616,0.043539583571347976,0.04944039111866168,0.027055265396276416
0.2336683417085427,0.2336683417085427,0.3,0.3,4.0,-1.0,0.135,unf,3,50,0.05562206294981463,0.027587949525200953,-0.05562206294981463,0.027587949525200953,1.1274035178338153,0.016342862544474666,-0.08796273773507073,0.027476817971663084
0.23517587939698492,0.23517587939698492,0.3,0.3,4.0,-1.0,0.135,fav,1,50,0.004640876744820456,0.0052999147473530815,-0.004640876744820456,0.0052999147473530815,2.3723876301221534,0.04286932523162236,0.049050455959633504,0.026648570102072555
0.23517587939698492,0.23517587939698492,0.3,0.3,4.0,-1.0,0.135,unf,3,50,0.055376247176527095,0.027401400388111282,-0.055376247176527095,0.027401400388111282,1.121981038446939,0.016138982960094916,-0.08682036378598801,0.026992273841794888
0.23668341708542712,0.23668341708542712,0.3,0.3,4.0,-1.0,0.135,fav,1,50,0.0046645344250482775,0.005285596458461094,-0.0046645344250482775,0.005285596458461094,2.3589484035426675,0.042200991656132586,0.04866172273759518,0.02624525440086044
0.23668341708542712,0.23668341708542712,0.3,0.3,4.0,-1.0,0.135,unf,3,50,0.05512231976153518,0.027212935177916828,-0.05512231976153518,0.027212935177916828,1.1165500342274328,0.01593539417539354,-0.08568640165796777,0.026513726599031156
0.23819095477386934,0.23819095477386934,0.3,0.3,4.0,-1.0,0.135,fav,1,50,0.0046879452615631026,0.005270460799713154,-0.0046879452615631026,0.005270460799713154,2.3455002429460317,0.04153465343514674,0.04827422183083991,0.025845351447221342
0.23819095477386934,0.23819095477386934,0.3,0.3,4.0,-1.0,0.135,unf,3,50,0.05486049510748482,0.02702272830442127,-0.05486049510748482,0.02702272830442127,1.1111108825308336,0.015732116133852725,-0.08456092753811446,0.026041199109425466
0.23969849246231154,0.23969849246231154,0.3,0.3,4.0,-1.0,0.135,fav,1,50,0.004711113874096996,0.005254525041357634,-0.004711113874096996,0.005254525041357634,2.3320441733953303,0.040870380418379856,0.04788798300297208,0.025448893168634083
0.23969849246231154,0.23969849246231154,0.3,0.3,4.0,-1.0,0.135,unf,3,50,0.05459098862095362,0.026830952130752067,-0.05459098862095362,0.026830952130752067,1.1056639596337092,0.0155291686285636,-0.08344401422574274,0.025574712086362965
0.24120603015075376,0.24120603015075376,0.3,0.3,4.0,-1.0,0.135,fav,1,50,0.004734045022234633,0.005237806818830677,-0.004734045022234633,0.005237806818830677,2.3185812149332614,0.040208241707675146,0.047503035403241786,0.02505591027409276
0.24120603015075376,0.24120603015075376,0.3,0.3,4.0,-1.0,0.135,unf,3,50,0.05431401653194569,0.026637776804657377,-0.05431401653194569,0.026637776804657377,1.1002096406923385,0.015326571299420678,-0.0823357311572518,0.02511428411360649
0.24271356783919598,0.24271356783919598,0.3,0.3,4.0,-1.0,0.135,fav,1,50,0.004756743601169836,0.005220324123168462,-0.004756743601169836,0.005220324123168462,2.3051123824631627,0.039548305649311194,0.0471194075670997,0.02466643226320441
0.24271356783919598,0.24271356783919598,0.3,0.3,4.0,-1.0,0.135,unf,3,50,0.05402979571637417,0.02644337009359911,-0.05402979571637417,0.02644337009359911,1.0947482997017637,0.015124343630808335,-0.08123614443215973,0.024659931668528735
0.24422110552763818,0.24422110552763818,0.3,0.3,4.0,-1.0,0.135,fav,1,50,0.004779214637450099,0.005202095291514791,-0.004779214637450099,0.005202095291514791,2.291638685631632,0.03889063982769296,0.046737127416968366,0.02428048743575495
0.24422110552763818,0.24422110552763818,0.3,0.3,4.0,-1.0,0.135,unf,3,50,0.05373854352165093,0.026247897223808433,-0.05373854352165093,0.026247897223808433,1.0892803094552315,0.014922504948629154,-0.0801453168402646,0.024211669145465835
0.2457286432160804,0.2457286432160804,0.3,0.3,4.0,-1.0,0.135,fav,1,50,0.004801463284712927,0.005183138997732444,-0.004801463284712927,0.005183138997732444,2.278161128712806,0.038235311059023266,0.0463562222632268,0.023898102901730826
0.2457286432160804,0.2457286432160804,0.3,0.3,4.0,-1.0,0.135,unf,3,50,0.05344047759549749,0.026051520723473286,-0.05344047759549749,0.026051520723473286,1.0838060415040112,0.014721074418308876,-0.07906330788989925,0.02376950887913375
0.2472361809045226,0.2472361809045226,0.3,0.3,4.0,-1.0,0.135,fav,1,50,0.0048234948194175705,0.0051634742431263805,-0.0048234948194175705,0.0051634742431263805,2.264680710494281,0.03758238538517376,0.04597671880540407,0.023519304591784855
0.2472361809045226,0.2472361809045226,0.3,0.3,4.0,-1.0,0.135,unf,3,50,0.05313581571808491,0.02585440027023082,-0.05313581571808491,0.02585440027023082,1.0783258661176174,0.014520071041855426,-0.07799017383724804,0.02333346116803504
0.24874371859296482,0.24874371859296482,0.3,0.3,4.0,-1.0,0.135,fav,1,50,0.004845314636575842,0.005143120347286,-0.004845314636575842,0.005143120347286,2.2511984241647025,0.036931928068438424,0.04559864313357924,0.023144117268131332
0.24874371859296482,0.24874371859296482,0.3,0.3,4.0,-1.0,0.135,unf,3,50,0.05282477563760276,0.02565669254314448,-0.05282477563760276,0.02565669254314448,1.0728401522444213,0.014319513655849613,-0.07692596771669058,0.022903534297797262
0.25025125628140704,0.25025125628140704,0.3,0.3,4.0,-1.0,0.135,fav,1,50,0.0048669282454855125,0.005122096939053029,-0.0048669282454855125,0.005122096939053029,2.2377152572030337,0.03628400358665241,0.04522202072998261,0.02277256453585915
0.25025125628140704,0.25025125628140704,0.3,0.3,4.0,-1.0,0.135,unf,3,50,0.05250757490935331,0.025458551079345422,-0.05250757490935331,0.025458551079345422,1.0673492674726697,0.014119420928999078,-0.07587073937214062,0.022479734564368845
0.25175879396984924,0.25175879396984924,0.3,0.3,4.0,-1.0,0.135,fav,1,50,0.004888341265469826,0.005100423947620774,-0.004888341265469826,0.005100423947620774,2.2242321912695284,0.035638675628618145,0.04484687647079546,0.022404668854648164
0.25175879396984924,0.25175879396984924,0.3,0.3,4.0,-1.0,0.135,unf,3,50,0.052184430738458555,0.02526012613552705,-0.052184430738458555,0.02526012613552705,1.0618535779919145,0.0139198113596436,-0.07482453548934594,0.022062066297008187
0.25326633165829143,0.25326633165829143,0.3,0.3,4.0,-1.0,0.135,fav,1,50,0.004909559421626536,0.005078121593769633,-0.004909559421626536,0.005078121593769633,2.2107502020983985,0.034996007090469315,0.04447323462814383,0.02204045155087454
0.25326633165829143,0.25326633165829143,0.3,0.3,4.0,-1.0,0.135,unf,3,50,0.051855559826262665,0.025061564554484165,-0.051855559826262665,0.025061564554484165,1.0563534485548498,0.013720703273920533,-0.0737873996291158,0.021650531880994646
0.2547738693467337,0.2547738693467337,0.3,0.3,4.0,-1.0,0.135,fav,1,50,0.004930588540589838,0.005055210381242847,-0.004930588540589838,0.005055210381242847,2.19727025939222,0.03435606007223572,0.04410111887228288,0.021679932830090707
0.2547738693467337,0.2547738693467337,0.3,0.3,4.0,-1.0,0.135,unf,3,50,0.051521178220505864,0.024863009636891236,-0.051521178220505864,0.024863009636891236,1.0508492424395777,0.013522114823124733,-0.07275937226144306,0.0212451317799897
0.2562814070351759,0.2562814070351759,0.3,0.3,4.0,-1.0,0.135,fav,1,50,0.004951434546308467,0.005031711088265445,-0.004951434546308467,0.005031711088265445,2.183793326718064,0.033718895875088535,0.043730552273967306,0.021323131789864863
0.2562814070351759,0.2562814070351759,0.3,0.3,4.0,-1.0,0.135,unf,3,50,0.05118150116933982,0.024664601018521578,-0.05118150116933982,0.024664601018521578,1.0453413214122877,0.013324063981838757,-0.07174049080048595,0.020845864557982298
0.2577889447236181,0.2577889447236181,0.3,0.3,4.0,-1.0,0.135,fav,1,50,0.004972103455843231,0.005007644759208345,-0.004972103455843231,0.005007644759208345,2.170320361405374,0.03308457499944239,0.04336155730700431,0.02097006643296367
0.2577889447236181,0.2577889447236181,0.3,0.3,4.0,-1.0,0.135,unf,3,50,0.05083674297924775,0.024466474553110937,-0.05083674297924775,0.024466474553110937,1.0398300456903684,0.01312656854591863,-0.07073078964037738,0.020452726900740157
0.25929648241206027,0.25929648241206027,0.3,0.3,4.0,-1.0,0.135,fav,1,50,0.004992601375187089,0.004983032696398385,-0.004992601375187089,0.004983032696398385,2.1568523144456093,0.0324531571435961,0.042994155850984754,0.02062075368086323
0.25929648241206027,0.25929648241206027,0.3,0.3,4.0,-1.0,0.135,unf,3,50,0.050487116876927945,0.02426876220107321,-0.050487116876927945,0.02426876220107321,1.0343157739059552,0.012929646130278544,-0.06973030019182756,0.020065713636702825
0.2608040201005025,0.2608040201005025,0.3,0.3,4.0,-1.0,0.135,fav,1,50,0.005012934495110853,0.0049578964520738756,-0.005012934495110853,0.0049578964520738756,2.143390130393652,0.0318247012028063,0.0426283691941886,0.020275209387569965
0.2608040201005025,0.2608040201005025,0.3,0.3,4.0,-1.0,0.135,unf,3,50,0.05013283487519101,0.024071591924280274,-0.05013283487519101,0.024071591924280274,1.028798863069913,0.012733314166934196,-0.06873905091948608,0.019684817757241672
0.2623115577889447,0.2623115577889447,0.3,0.3,4.0,-1.0,0.135,fav,1,50,0.005033109087037548,0.004932257820483947,-0.005033109087037548,0.004932257820483947,2.1299347472709953,0.031199265269821926,0.042264218036660584,0.019933448353734486
0.2623115577889447,0.2623115577889447,0.3,0.3,4.0,-1.0,0.135,unf,3,50,0.04977410764291784,0.023875087587116945,-0.04977410764291784,0.023875087587116945,1.0232796685362568,0.012537589903299812,-0.0677570673800306,0.019310030436217342
0.2638190954773869,0.2638190954773869,0.3,0.3,4.0,-1.0,0.135,fav,1,50,0.005053131498948318,0.004906138830128609,-0.005053131498948318,0.004906138830128609,2.11648709647072,0.03057690663560426,0.041901722493451456,0.019595484341041195
0.2638190954773869,0.2638190954773869,0.3,0.3,4.0,-1.0,0.135,unf,3,50,0.04941114437911759,0.023679368864027273,-0.04941114437911759,0.023679368864027273,1.017758543967028,0.012342490400022353,-0.0667843722609483,0.018941341048767425
0.26532663316582916,0.26532663316582916,0.3,0.3,4.0,-1.0,0.135,fav,1,50,0.005073008151322731,0.004879561736134924,-0.005073008151322731,0.004879561736134924,2.103048102664273,0.02995768179146908,0.04154090209802143,0.0192613300868534
0.26532663316582916,0.26532663316582916,0.3,0.3,4.0,-1.0,0.135,unf,3,50,0.04904415269111987,0.023484551153765798,-0.04904415269111987,0.023484551153765798,1.01223584129761,0.012148032529399591,-0.06582098541997715,0.018578737189254756
0.26683417085427136,0.26683417085427136,0.3,0.3,4.0,-1.0,0.135,fav,1,50,0.005092745533116242,0.00485254901276321,-0.005092745533116242,0.00485254901276321,2.089618683710053,0.029341646431883747,0.041181775805801075,0.01893099731909476
0.26683417085427136,0.26683417085427136,0.3,0.3,4.0,-1.0,0.135,unf,3,50,0.04867333847692987,0.02329074550056749,-0.04867333847692987,0.02329074550056749,1.0067119107025062,0.011954232973614871,-0.06486692392517351,0.01822220468831414
0.26834170854271355,0.26834170854271355,0.3,0.3,4.0,-1.0,0.135,fav,1,50,0.005112350197777537,0.004825123346035411,-0.005112350197777537,0.004825123346035411,2.076199750563819,0.028728855458160008,0.04082436199790549,0.01860449677134693
0.26834170854271355,0.26834170854271355,0.3,0.3,4.0,-1.0,0.135,unf,3,50,0.048298905811769224,0.023098058522447784,-0.048298905811769224,0.023098058522447784,1.0011871005615736,0.011761108222929844,-0.06392220209557363,0.01787172762893163
0.26984924623115575,0.26984924623115575,0.3,0.3,4.0,-1.0,0.135,fav,1,50,0.005131828759308261,0.004797307626476093,-0.005131828759308261,0.004797307626476093,2.062792207190904,0.028119362984348206,0.04046867848499783,0.018281838198141206
0.26984924623115575,0.26984924623115575,0.3,0.3,4.0,-1.0,0.135,unf,3,50,0.04792105683881988,0.022906592346840306,-0.04792105683881988,0.022906592346840306,0.9956617574267165,0.011568674574139471,-0.06298683154241538,0.017527288361501074
0.271356783919598,0.271356783919598,0.3,0.3,4.0,-1.0,0.135,fav,1,50,0.005151187888367763,0.0047691249419546085,-0.005151187888367763,0.0047691249419546085,2.0493969504802863,0.027513222342942362,0.040114742511297624,0.017963030390422557
0.271356783919598,0.271356783919598,0.3,0.3,4.0,-1.0,0.135,unf,3,50,0.04753999166418359,0.022716444553774216,-0.04753999166418359,0.022716444553774216,0.9901362259890477,0.011376948129098056,-0.06206082121088902,0.017188867517799657
0.2728643216080402,0.2728643216080402,0.3,0.3,4.0,-1.0,0.135,fav,1,50,0.005170434308425189,0.0047405985706150304,-0.005170434308425189,0.0047405985706150304,2.036014870160481,0.026910486093311054,0.03976257075872979,0.01764808119116225
0.2728643216080402,0.2728643216080402,0.3,0.3,4.0,-1.0,0.135,unf,3,50,0.04715590825606357,0.02252770812678525,-0.04715590825606357,0.02252770812678525,0.9846108490465221,0.01118594479289996,-0.06114417742238307,0.016856444023836833
0.2743718592964824,0.2743718592964824,0.3,0.3,4.0,-1.0,0.135,fav,1,50,0.00518957479196134,0.004711751973878343,-0.00518957479196134,0.004711751973878343,2.022646848717288,0.026311206030864554,0.03941217935121008,0.017336997511094427
0.2743718592964824,0.2743718592964824,0.3,0.3,4.0,-1.0,0.135,unf,3,50,0.04676900234817026,0.022340471411746565,-0.04676900234817026,0.022340471411746565,0.9790859674720324,0.010995680272977591,-0.060236903917194405,0.01652999511152904
0.2758793969849246,0.2758793969849246,0.3,0.3,4.0,-1.0,0.135,fav,1,50,0.005208616156722485,0.0046826087894991635,-0.005208616156722485,0.0046826087894991635,2.009293761313379,0.025715433198473713,0.03906358385906267,0.01702978534455076
0.2758793969849246,0.2758793969849246,0.3,0.3,4.0,-1.0,0.135,unf,3,50,0.046379467347347936,0.022154818083792834,-0.046379467347347936,0.022154818083792834,0.9735619201819955,0.010806170077063868,-0.05933900189766996,0.016209496329165914
0.27738693467336684,0.27738693467336684,0.3,0.3,4.0,-1.0,0.135,fav,1,50,0.005227565262028388,0.004653192824657048,-0.005227565262028388,0.004653192824657048,1.995956475709753,0.025123217899586034,0.038716799303565586,0.01672644978536698
0.27738693467336684,0.27738693467336684,0.3,0.3,4.0,-1.0,0.135,unf,3,50,0.045987494245414186,0.021970827122498142,-0.045987494245414186,0.021970827122498142,0.9680390441054045,0.010617429512425188,-0.058450470071749056,0.01589492155063757
0.27889447236180903,0.27889447236180903,0.3,0.3,4.0,-1.0,0.135,fav,1,50,0.00524642900513652,0.004623528049059959,-0.00524642900513652,0.004623528049059959,1.9826358521890464,0.024534609713815055,0.03837184016161984,0.01642699504283196
0.27889447236180903,0.27889447236180903,0.3,0.3,4.0,-1.0,0.135,unf,3,50,0.045593271535199535,0.02178857279545295,-0.045593271535199535,0.02178857279545295,0.9625176741533701,0.010429473684414976,-0.05757130469687485,0.015586242983402988
0.2804020100502512,0.2804020100502512,0.3,0.3,4.0,-1.0,0.135,fav,1,50,0.005265214317664588,0.004593638588035055,-0.005265214317664588,0.004593638588035055,1.969332743480712,0.02394965751423378,0.03802872037053782,0.016131424457650066
0.2804020100502512,0.2804020100502512,0.3,0.3,4.0,-1.0,0.135,unf,3,50,0.045196985130769946,0.0216081246503662,-0.045196985130769946,0.0216081246503662,0.956998143189148,0.01024231749508556,-0.0567014996242438,0.015283431175190739
0.2819095477386935,0.2819095477386935,0.3,0.3,4.0,-1.0,0.135,fav,1,50,0.005283928162073166,0.004563548715579162,-0.005283928162073166,0.004563548715579162,1.9560479946880605,0.02336840948861981,0.037687453332946826,0.015839740517885018
0.2819095477386935,0.2819095477386935,0.3,0.3,4.0,-1.0,0.135,unf,3,50,0.04479881829180999,0.02142954751579974,-0.04479881829180999,0.02142954751579974,0.9514807819986458,0.010055975642535887,-0.055841046343362635,0.014986455019432136
0.2834170854271357,0.2834170854271357,0.3,0.3,4.0,-1.0,0.135,fav,1,50,0.005302577528210314,0.004533282847338998,-0.005302577528210314,0.004533282847338998,1.942782443217186,0.022790913162804793,0.03734805192180348,0.015551944874852756
0.2834170854271357,0.2834170854271357,0.3,0.3,4.0,-1.0,0.135,unf,3,50,0.04439895155214144,0.021252901510619357,-0.04439895155214144,0.021252901510619357,0.9459659192614329,0.00987046261943466,-0.05498993402688329,0.014695281759441183
0.28492462311557787,0.28492462311557787,0.3,0.3,4.0,-1.0,0.135,fav,1,50,0.005321169429919935,0.004502865533487927,-0.005321169429919935,0.004502865533487927,1.9295369187077531,0.022217215428184833,0.03701052848551472,0.015268038358928072
0.28492462311557787,0.28492462311557787,0.3,0.3,4.0,-1.0,0.135,unf,3,50,0.04399756265234603,0.021078242062221374,-0.04399756265234603,0.021078242062221374,0.9404538815222299,0.009685792712420437,-0.05414814957568455,0.014409876991369955
0.28643216080402006,0.28643216080402006,0.3,0.3,4.0,-1.0,0.135,fav,1,50,0.005339710901715469,0.004472321451463741,-0.005339710901715469,0.004472321451463741,1.9163122429656771,0.021647362572749795,0.036674894853161305,0.01498802099522826
0.28643216080402006,0.28643216080402006,0.3,0.3,4.0,-1.0,0.135,unf,3,50,0.04359482647645915,0.020905619933568008,-0.04359482647645915,0.020905619933568008,0.9349449931629065,0.009501980000881205,-0.05331567766417242,0.014130204665982289
0.2879396984924623,0.2879396984924623,0.3,0.3,4.0,-1.0,0.135,fav,1,50,0.005358208995520502,0.0044416753985286545,-0.005358208995520502,0.0044416753985286545,1.9031092298976677,0.021081400317575213,0.036341162339819294,0.014711892019135735
0.2879396984924623,0.2879396984924623,0.3,0.3,4.0,-1.0,0.135,unf,3,50,0.04319091499269545,0.02073508125903474,-0.04319091499269545,0.02073508125903474,0.9294395763749651,0.009319038356499741,-0.05249250078576883,0.01385622708930504
0.2894472361809045,0.2894472361809045,0.3,0.3,4.0,-1.0,0.135,fav,1,50,0.005376670777477776,0.0044109522841100915,-0.005376670777477776,0.0044109522841100915,1.8899286854476707,0.0205193738574552,0.03600934175197589,0.014439649891618283
0.2894472361809045,0.2894472361809045,0.3,0.3,4.0,-1.0,0.135,unf,3,50,0.04278599719816536,0.02056666758904384,-0.04278599719816536,0.02056666758904384,0.9239379511325367,0.009136981442135952,-0.051678599298561494,0.01358790492223517
0.2909547738693467,0.2909547738693467,0.3,0.3,4.0,-1.0,0.135,fav,1,50,0.005395103324827963,0.004380177121877818,-0.005395103324827963,0.004380177121877818,1.8767714075351747,0.01996132790897407,0.03567944339303484,0.014171292314304394
0.2909547738693467,0.2909547738693467,0.3,0.3,4.0,-1.0,0.135,unf,3,50,0.042380239067536525,0.02040041594342374,-0.042380239067536525,0.02040041594342374,0.9184404351658677,0.00895582271157606,-0.05087395147108497,0.013325197179199375
0.29246231155778896,0.29246231155778896,0.3,0.3,4.0,-1.0,0.135,fav,1,50,0.005413513722859523,0.004349375021510043,-0.005413513722859523,0.004349375021510043,1.8636381859954134,0.019407306764843826,0.03535147706890769,0.01390681624426853
0.29246231155778896,0.29246231155778896,0.3,0.3,4.0,-1.0,0.135,unf,3,50,0.04197380350559184,0.020236358873402284,-0.04197380350559184,0.020236358873402284,0.9129473439353158,0.008775575408882727,-0.050078533528206605,0.013068061225983663
0.29396984924623115,0.29396984924623115,0.3,0.3,4.0,-1.0,0.135,fav,1,50,0.005431909061930821,0.004318571180098466,-0.005431909061930821,0.004318571180098466,1.8505298025214438,0.018857354356495663,0.03502545209368676,0.013646217908478524
0.29396984924623115,0.29396984924623115,0.3,0.3,4.0,-1.0,0.135,unf,3,50,0.04156685030363185,0.020074524532105644,-0.04156685030363185,0.020074524532105644,0.9074589906058566,0.00859625256775189,-0.04929231969708942,0.012816452776870074
0.29547738693467335,0.29547738693467335,0.3,0.3,4.0,-1.0,0.135,fav,1,50,0.005450296434565682,0.004287790873139369,-0.005450296434565682,0.004287790873139369,1.8374470306081048,0.01831151432681992,0.03470137729539541,0.013389492817855302
0.29547738693467335,0.29547738693467335,0.3,0.3,4.0,-1.0,0.135,unf,3,50,0.04115953609966626,0.01991493675339946,-0.04115953609966626,0.01991493675339946,0.9019756860220862,0.008417867011470638,-0.04851528225320487,0.012570325891243048
0.29698492462311554,0.29698492462311554,0.3,0.3,4.0,-1.0,0.135,fav,1,50,0.0054686829326233855,0.004257059445055302,-0.0054686829326233855,0.004257059445055302,1.8243906354978583,0.017769830114162093,0.03437926102181209,0.013136635780892096
0.29698492462311554,0.29698492462311554,0.3,0.3,4.0,-1.0,0.135,unf,3,50,0.040752014342337016,0.019757615138871695,-0.040752014342337016,0.019757615138871695,0.8964977386837454,0.008240431352313463,-0.047747391566369715,0.012329632969847333
0.2984924623115578,0.2984924623115578,0.3,0.3,4.0,-1.0,0.135,fav,1,50,0.00548707564454407,0.004226402299189581,-0.00548707564454407,0.004226402299189581,1.8113613741285122,0.0172323450489191,0.034059111146363515,0.012887640916778437
0.2984924623115578,0.2984924623115578,0.3,0.3,4.0,-1.0,0.135,unf,3,50,0.04034443525851168,0.019602575152721194,-0.04034443525851168,0.019602575152721194,0.8910254547217449,0.00806395799184461,-0.04698861614678058,0.012094324750906773
0.3,0.3,0.3,0.3,4.0,-1.0,0.135,fav,1,50,0.0055054816526704,0.004195844887213581,-0.0055054816526704,0.004195844887213581,1.7983599950828155,0.016699102467031882,0.03374093507408374,0.012642501667970039
0.3,0.3,0.3,0.3,4.0,-1.0,0.135,unf,3,50,0.0399369458244837,0.019449828224278907,-0.0399369458244837,0.019449828224278907,0.8855591378747095,0.007888459120676577,-0.046238922691021186,0.01186435030633315
